ï»¿PROJECT_NUMBER,PROJECT_EN,DEVELOPER_NUMBER,DEVELOPER_EN,START_DATE,END_DATE,ADOPTION_DATE,PRJ_TYPE_EN,PROJECT_VALUE,ESCROW_ACCOUNT_NUMBER,PROJECT_STATUS,PERCENT_COMPLETED,INSPECTION_DATE,COMPLETION_DATE,DESCRIPTION_EN,AREA_EN,ZONE_EN,CNT_LAND,CNT_BUILDING,CNT_VILLA,CNT_UNIT,MASTER_PROJECT_EN
274,77S,1963,77 SHADES OF GREEN REALESTATE DEVELOPMENT L.L.C,2025-01-31 00:00:00,2027-12-31 00:00:00,2007-10-09 00:00:00,Normal,150000000,,PENDING,13.69,2019-05-21 14:26:46,2011-12-30 00:00:00,3B+G+3P+Gym+4 office Floor+19F+1 Mechanical Floor+1 Sky Park+2 Penthouse Floors+2 sky villa floors+R,Business Bay,Dubai Development Authority (DDA),0,0.0,0.0,290.0,
274,77S,1963,77 SHADES OF GREEN REALESTATE DEVELOPMENT L.L.C,2025-01-31 00:00:00,2027-12-31 00:00:00,2007-10-09 00:00:00,Normal,150000000,,PENDING,13.69,2019-05-21 14:26:46,2011-12-30 00:00:00,3B+G+3P+Gym+4 office Floor+19F+1 Mechanical Floor+1 Sky Park+2 Penthouse Floors+2 sky villa floors+R,Business Bay,Dubai Municipality,0,0.0,0.0,290.0,
558,LIME LIGHT TWIN TOWERS,1056,LIME LIGHT REAL ESTATE DEVELOPMENT L.L.C,2025-02-01 00:00:00,2026-06-30 00:00:00,2008-09-23 00:00:00,Normal,182000000,010493173531,ACTIVE,220.0742,2021-01-11 11:52:09,2012-08-12 00:00:00,"Freehold 2 residential towers development located in Dubai Sports City, the two towers are designed to have 3B+G+23 floors. The two towers are designed to be built as a concrete structure with its internal and external finishes.",Al Hebiah Fourth,Dubai Development Authority (DDA),0,0.0,0.0,734.0,
986,ROCKLAND SQUARE,839,ROCKLAND DEVELOPERS LIMITED,2025-06-19 00:00:00,,2008-10-25 00:00:00,Normal,,,CANCELLED,,,, ,Al Barsha South Fourth,Trakhees,,,,,
2895,Samana Resorts,1229,SAMANA INTERNATIONAL REAL ESTATE DEVELOPMENT L.L.C,2025-05-01 00:00:00,2028-05-30 00:00:00,2025-01-09 00:00:00,Normal,165000000,001582146524301,ACTIVE,2.01,2025-04-24 16:25:26,,"Shared(3B+G); Tower A (16F+R); Tower B (16F+R)
",Me'Aisem First,Dubai Development Authority (DDA),0,0.0,0.0,1572.0,
2964,Ayana Gardens,1446,TUSCANY REAL ESTATE DEVELOPMENT L.L.C,2025-09-01 00:00:00,2027-08-31 00:00:00,,Normal,40000000,0012315743002,PENDING,0,2024-04-03 15:20:25,,G + 5F + R,Nad Al Shiba First,,0,0.0,0.0,70.0,
3060,butterfly,1259,DESERT FALCON REAL ESTATE DEVELOPMENT L.L.C,2025-01-01 00:00:00,2029-01-31 00:00:00,2024-08-29 12:12:44,Normal,186199391,0205191459202,ACTIVE,0,2024-06-13 08:26:46,,"B+G+2P+17,The project designed to have a concrete structure and block with internal and external finishes.",Al Barshaa South Third,Dubai Development Authority (DDA),0,0.0,0.0,606.0,
3072,Livel Residenza,1766,VANTAGE CAPITAL REAL ESTATE DEVELOPMENT L.L.C,2025-01-30 00:00:00,2026-12-31 00:00:00,2025-07-16 10:28:50,Normal,80200000,13502430920002,ACTIVE,15.85,2025-04-21 09:18:27,,"Residential Tower comprising Ground floor, 4 Podiums, 15 floors and Roof.",Al Barsha South Fourth,Trakhees,0,0.0,0.0,137.0,
3103,Aptos Residenza,1766,VANTAGE CAPITAL REAL ESTATE DEVELOPMENT L.L.C,2025-09-15 00:00:00,2027-03-14 00:00:00,,Normal,50000000,,PENDING,0.01,2024-05-20 09:56:56,,"G+4P+15 ,with amenities Residential.The project designed to have a concrete structure and block with internal and external finishes.",Al Barsha South Fourth,,0,0.0,0.0,148.0,
3133,Dubai Harbour Residences (Area 1),1900,HARBOUR ONE INVESTMENT L.L.C,2025-02-07 00:00:00,2028-01-14 00:00:00,2024-07-25 10:21:10,Normal,500000000,0205887629202,ACTIVE,1.43,2025-05-16 14:50:52,2028-01-14 00:00:00,"Residential and Commercial Building 2B+G+8 Ground, Floor retail public praying facilities",Marsa Dubai,Dubai Development Authority (DDA),0,0.0,0.0,234.0,
3134,Dubai Harbour Residences (Area 3),1900,HARBOUR ONE INVESTMENT L.L.C,2025-02-07 00:00:00,2028-01-14 00:00:00,2024-07-25 10:31:17,Normal,400000000,0205887629204,ACTIVE,2.33,2025-05-16 15:12:41,2028-01-14 00:00:00,"Residential and Commercial Building 2B+G+8 Ground, Floor retail public praying facilities",Marsa Dubai,Dubai Development Authority (DDA),0,0.0,0.0,170.0,
3138,South Garden A,1233,JAG DEVELOPMENT L.L.C,2025-01-01 00:00:00,2027-12-31 00:00:00,2024-06-10 15:48:50,Normal,188636080,0205256550218,ACTIVE,0.55,2025-07-01 12:02:45,,B+G+2 Podium+12 Floors Residential & commercial building,Jabal Ali First,Dubai Municipality,0,0.0,0.0,260.0,
3140,South Garden B,1233,JAG DEVELOPMENT L.L.C,2025-01-01 00:00:00,2027-12-31 00:00:00,2024-06-10 15:48:50,Normal,188636080,0205256550216,ACTIVE,0.55,2025-07-01 12:06:07,,B+G+2 Podium+12 Floors Residential & commercial building.The project designed to have a concrete structure and block with internal and external finishes.,Jabal Ali First,Dubai Municipality,0,0.0,0.0,258.0,
3141,South Garden C,1233,JAG DEVELOPMENT L.L.C,2025-01-01 00:00:00,2027-12-31 00:00:00,2024-06-10 15:48:50,Normal,188636080,0205256550214,ACTIVE,0.57,2025-07-01 12:10:01,,B+G+2 Podium+12 Floors Residential & commercial building. The project designed to have a concrete structure and block with internal and external finishes.,Jabal Ali First,Dubai Municipality,0,0.0,0.0,258.0,
3151,PG Maison,1850,PG MAISON REAL ESTATE DEVELOPMENT L.L.C,2025-02-01 00:00:00,2026-12-31 00:00:00,2024-12-06 11:22:38,Normal,68000000,001582140748801,ACTIVE,1.49,2025-08-26 11:54:06,2026-12-31 00:00:00,"Building 2B+G+2P+20F+R,Residential and Commercial,The project designed to have a concrete structure and block with internal and external finishes.",Jabal Ali First,Trakhees,0,0.0,0.0,85.0,
3154,Vincitore Aqua Flora,1949,VINCITORE LUXURY REAL ESTATE DEVELOPMENT L.L.C,2025-01-01 00:00:00,2028-06-30 00:00:00,2024-09-23 13:19:30,Normal,210000000,019500000662,ACTIVE,0,2024-07-03 10:44:39,2028-06-30 00:00:00,"G+4P+15+Roof Retail, Residential Building ",Al Barshaa South Second,Dubai Development Authority (DDA),0,0.0,0.0,546.0,
3187,THE AUTOGRAPH-I SERIES,1198,GREEN PROPERTIES DEVELOPMENT CO.,2025-03-31 00:00:00,2028-08-31 00:00:00,2025-03-20 10:32:35,Normal,90000000,019500000714,ACTIVE,0,2025-03-04 14:16:27,2027-12-01 00:00:00,G+5P+39+R,Al Barsha South Fourth,Trakhees,0,0.0,0.0,272.0,
3188,Verdes by Haven 1,1658,AURORA SPV 1 L.L.C,2025-02-16 00:00:00,2028-05-31 00:00:00,2024-09-10 15:28:19,Normal,964499996,4031225788862013,ACTIVE,0.88,2025-06-02 11:11:51,2028-07-04 00:00:00,"project contains 
Building 1 - G + P + 14 + R with total no of 175 units
Building 2- G + P + 17+ R with total no of 248 units
Building 3- G + P + 10+ R with total no of 92 units
Building 4- G + P + 10+ R with total no of 92 units
Building 5- G + P + 17+ R with total no of 248 units
Building 6 - G + P + 14 + R with total no of 133 units
Total residential units 988
Commercial units 0",Wadi Al Safa 5,Dubai Development Authority (DDA),0,0.0,0.0,988.0,
3205,Samana Boulevard Heights,1229,SAMANA INTERNATIONAL REAL ESTATE DEVELOPMENT L.L.C,2025-07-01 00:00:00,2028-12-31 00:00:00,,Normal,128700000,8323164856902,PENDING,0,2025-02-20 19:45:30,,B+G+3P+17,Wadi Al Safa 5,,0,0.0,0.0,541.0,
3206,One.B Tower ,1946,1B TOWER CO. L.L.C,2025-03-01 00:00:00,2028-12-31 00:00:00,2024-09-25 11:55:29,Normal,438482401,0205886771202,ACTIVE,2.11,2025-04-25 08:57:34,,1 Billion Meals Endowment Residential & Retail Tower,Business Bay,Dubai Municipality,0,0.0,0.0,262.0,
3209,LAZORD BY LAPIS,1927,LAPIS PROPERTIES L.L.C,2025-01-01 00:00:00,2026-12-31 00:00:00,2024-09-03 20:51:05,Normal,60000000,019000084536,ACTIVE,2.36,2025-09-01 10:26:40,,RESIDENTIAL & COMMERCIAL BUILDING (B+G+3P+8) ,Wadi Al Safa 3,Dubai Development Authority (DDA),0,0.0,0.0,313.0,
3211,Hillcrest,1162,NSHAMA PROPERTIES OWNED BY NSHMI DEVELOPMENT ONE PERSON COMPANY L.L.C,2025-03-03 00:00:00,2027-06-30 00:00:00,2024-09-11 09:25:17,Normal,128985625,4031224702173068,ACTIVE,0,2024-07-26 11:44:21,,G+2P+12 + Parking in Ground Floor & Podium Floors,Al Yelayiss 2,Dubai Development Authority (DDA),0,0.0,0.0,171.0,
3218,Rome by SD,1688,SAMANA STAR REAL ESTATE DEVELOPMENT L.L.C,2025-01-01 00:00:00,2027-12-31 00:00:00,2024-11-04 12:41:01,Normal,22000000,1009718337,ACTIVE,2.79,2025-06-17 12:13:52,,"B+G+5+R.The project designed to have a concrete structure and block with internal and external finishes.
",Wadi Al Safa 3,Dubai Municipality,0,0.0,0.0,42.0,
3243,STAMN ONE,1943,STAMN REAL ESTATE DEVELOPMENT L.L.C,2025-02-15 00:00:00,2026-10-15 00:00:00,2024-12-18 18:29:35,Normal,29000000,1011226081896003,ACTIVE,0,2024-10-20 15:28:59,,G+2P+7+Roof.The project designed to have a concrete structure and block with internal and external finishes.,Al Satwa,Dubai Development Authority (DDA),0,0.0,0.0,77.0,
3245,Golf Grove by Regent,1995,REGENT STAR PROPERTY DEVELOPMENTS L.L.C,2025-01-02 00:00:00,2028-01-02 00:00:00,2025-02-20 12:38:27,Normal,30000000,0205909185702,ACTIVE,0,2025-01-08 19:05:07,,G+2P+7+R,Me'Aisem First,Dubai Development Authority (DDA),0,0.0,0.0,98.0,
3255,BELLARIA,1211,EMAAR DEVELOPMENT P.J.S.C.,2025-01-25 00:00:00,2029-05-31 00:00:00,2024-08-29 00:00:00,Normal,696958024,10653441920049,CANCELLED,0,2024-08-20 19:45:10,,"Residential Development Consisting of 494 townhouses (G+1) and 146 semi detached units (G+2)
",Al Yelayiss 5,Dubai Municipality,,,,,
3258,GHARBI II RESIDENCES,1533,RABDAN REAL ESTATE DEVELOPMENT L.L.C,2025-01-21 00:00:00,2027-07-20 00:00:00,2025-02-19 14:12:27,Normal,120000000,1009820638,ACTIVE,6.8,2025-04-25 14:03:40,,"G+round floor + 4 podium + 26 Floors+ 2 Retail. 
Consist of studio with balcony= 46, 1 bedroom + balcony and pool=140 ,2 bedrooms + 
balcony and pool =44 and 3 bedroom penthouse with balcony and pool = 4   Total of 234 ",Al Barsha South Fourth,Trakhees,0,0.0,0.0,236.0,
3269,Eden House Dubai Hills,1738,SUNRISE VALLEY L.L.C,2025-10-11 00:00:00,2027-10-11 00:00:00,,Normal,150000000,,PENDING,0,2024-08-28 16:26:58,,"16 Villas A"" ( G+1 ) + 16 Villas ""B"" ( G+2) + 4 Townhouses (G+1) + F&B ( G).The project designed to have a concrete structure and block with internal and external finishes.",,,,,,,
",Hadaeq Sheikh Mohammed Bin Rashid""",,1,0,0,0,,,,,,,,,,,,,,,,
3271,Ocean Views,1275,MINA RASHID PROPERTIES L.L.C,2025-02-03 00:00:00,2028-09-30 00:00:00,2024-09-17 12:17:38,Normal,90535680,3538454005408,ACTIVE,0.21,2025-05-12 12:01:37,,"Residential Development Consisting of two buildings with one basement floor (car parking)
Building A : (G+6+Roof) : Total of 28 units 
Building B : (G+6+Roof) : Total of 48 units 
",Madinat Dubai Almelaheyah,Trakhees,0,0.0,0.0,78.0,
3272,PARKWAY BY PRESTIGE ONE ,2020,PRESTIGE THE PARKWAY REAL ESTATE DEVELOPMENT L.L.C,2025-02-01 00:00:00,2028-01-31 00:00:00,2024-10-30 09:00:07,Normal,60000000,0405899885806,ACTIVE,0.9,2025-09-24 14:16:48,,"G+4P+28+Roof, (Residential Building)",Bukadra,Dubai Municipality,0,0.0,0.0,274.0,
3276,Bonds Avenue Residences,2001,AMIRAH LIVING DEVELOPER L.L.C,2025-01-01 00:00:00,2026-12-31 00:00:00,2024-11-17 19:34:09,Normal,65000000,1011226106287002,ACTIVE,0,2024-09-09 17:46:39,,G+2P+8+R Residential Building.The project designed to have a concrete structure and block with internal and external finishes.,Palm Deira,Trakhees,0,0.0,0.0,75.0,
3280,Moonsa Residences 2,1157,DUGASTA PROPERTIES DEVELOPMENT L.L.C,2025-01-01 00:00:00,2026-12-31 00:00:00,2025-01-02 13:43:58,Normal,22000000,11879528920004,ACTIVE,0.02,2025-09-11 13:39:00,,(B+G+P+6+R) Residential Building.The project designed to have a concrete structure and block with internal and external finishes.,Warsan Fourth,Trakhees,0,0.0,0.0,125.0,
3282,The Collection by NASER,2036,N A S E R REAL ESTATE DEVELOPMENT L.L.C,2025-05-01 00:00:00,2027-06-30 00:00:00,2025-03-07 15:09:05,Normal,20000000,3718484173902,ACTIVE,0,2024-09-11 15:57:04,,B+G+5 Floors+ Roof.The project designed to have a concrete structure and block with internal and external finishes.,Wadi Al Safa 3,Dubai Municipality,0,0.0,0.0,38.0,
3283,Greenridge,1155,EMAAR DUBAI SOUTH DWC LLC,2025-01-30 00:00:00,2028-12-31 00:00:00,2024-09-17 12:10:16,Normal,598386318,019000085138,ACTIVE,1.02,2025-06-04 12:04:34,,"Freehold G+1 Townhouses consisting of 260 nos. of 3Bedroom and 260 nos. of 4Bedroom.The project designed to have a concrete structure and block with internal and external finishes.
",Madinat Al Mataar,Dubai South,0,0.0,520.0,0.0,
3304,Pier Point 1,1275,MINA RASHID PROPERTIES L.L.C,2025-02-22 00:00:00,2028-10-31 00:00:00,2024-09-23 12:29:11,Normal,116886186,4031224036986009,ACTIVE,0.41,2025-05-12 12:03:47,,"Residential Development Consisting of (G + 1P + 9 Floors + Roof) 
Total of 122 units
",Madinat Dubai Almelaheyah,Trakhees,0,0.0,0.0,122.0,
3305,Pier Point 2,1275,MINA RASHID PROPERTIES L.L.C,2025-02-22 00:00:00,2028-10-31 00:00:00,2024-09-25 10:27:38,Normal,117097616,0205838083711,ACTIVE,0.34,2025-05-12 12:05:51,,"Residential Development Consisting of (G + 1P + 10 Floors + Roof)
Total of 121 units
",Madinat Dubai Almelaheyah,Trakhees,0,0.0,0.0,121.0,
3306,Porto View,1275,MINA RASHID PROPERTIES L.L.C,2025-02-22 00:00:00,2028-10-31 00:00:00,2024-09-23 12:35:39,Normal,112795554,4031224036986006,ACTIVE,0.14,2025-05-12 12:10:25,,"Residential Development Consisting of (G + 1P + 9 Floors + Roof)
Total of 114 units and one Retail
",Madinat Dubai Almelaheyah,Trakhees,0,0.0,0.0,115.0,
3308,Expo City Sidr Residences,1576,Expo City Sidr Residences Development FZCO,2025-01-01 00:00:00,2028-03-31 00:00:00,2024-10-30 13:36:44,Normal,579545935,001582132823701,ACTIVE,2.87,2025-03-05 15:01:42,,"Sidr residence consist of 455 luxury apartment units allocated in 3 towers above a single level podium and 3 levels of basement.
Tower 01 - 155 units
Tower 02 - 157 units
Tower 02 - 145 units
And 22 Retail Units",Madinat Al Mataar,Dubai Municipality,0,0.0,0.0,477.0,
3310,105 Residences by Kamdar,1715,KAMDAR PROPERTY DEVELOPMENT L.L.C,2025-03-01 00:00:00,2027-02-28 00:00:00,2024-10-09 09:09:07,Normal,26000000,019500000687,ACTIVE,0.26,2025-05-28 21:03:32,,G+P+5 Residential Building,Al Barsha South Fourth,Trakhees,0,0.0,0.0,105.0,
3311,Eden Hills,1498,EDEN HILLS L.L.C,2025-03-01 00:00:00,2026-12-25 00:00:00,2025-01-22 09:13:22,Normal,3231056119,0205821774103,ACTIVE,1.87,2025-06-24 12:30:26,,"327  Villas ( B) 52 , ( C&D )188 ,( A1-A2) 58  + 29 Plots + Community retail center Retail + F&B +Kindergarten + Police Point +Local Masjid +Private Specialty Polyclinic + Neighborhood Park + Community Park   ",Hadaeq Sheikh Mohammed Bin Rashid,Dubai Municipality,0,0.0,158.0,0.0,
3312,Berkshire Park,1162,NSHAMA PROPERTIES OWNED BY NSHMI DEVELOPMENT ONE PERSON COMPANY L.L.C,2025-03-04 00:00:00,2027-06-30 00:00:00,2024-10-11 16:34:27,Normal,116932750,4031224702173071,ACTIVE,0,2024-09-20 16:04:47,,Residential Apartment Building + Ground Floor Retail G+P+12+R + Parking in Ground floor & Podium Floor,Al Yelayiss 2,Dubai Development Authority (DDA),0,0.0,0.0,149.0,
3316,Greenville,1155,EMAAR DUBAI SOUTH DWC LLC,2025-01-30 00:00:00,2029-03-31 00:00:00,2024-10-04 10:35:56,Normal,167536606,11134281920027,ACTIVE,7.88,2025-08-29 11:13:16,,"Freehold G+1 Townhouses consisting of 70 nos. of 3Bedroom and 70 nos. of 4Bedroom
",Madinat Al Mataar,Dubai South,0,0.0,140.0,0.0,
3317,W Residences at Dubai Harbour,1409,ARADA DEVELOPMENTS L.L.C S.O.C,2025-06-15 00:00:00,2027-12-31 00:00:00,2024-10-18 10:49:01,Normal,1772000000,0023429246003,ACTIVE,0,2025-06-30 09:49:39,,"Our project ?W Residences at Dubai Harbour? by ARADA Developments located at Marsa Dubai, Plot No. 3920718. The Project is a residential development with total 495 number of residential units. Initially we will be launching Tower 1, with total number of 160 residential units. Tower 2 and Tower 3 will be part of future development.

Launched in collaboration with Marriott International", over 400 impeccably appointed branded apartments in the AED4 billion complex will offer owners the chance to experience a positive, fulfilling and active lifestyle. Set to be completed in 2028, W Residences at Dubai Harbour offers luxury marina living with breathtaking views of the Dubai skyline. ,,,,
The three towers of W Residences at Dubai Harbour are connected by a podium that contains an impressive range of amenities, including Dubai?s longest infinity pool, at 200 metres, which is located on the landscaped podium level, which offers a full sea view in the direction of Ain Dubai. Other exclusive facilities include a generously sized 170 square metre residents lounge, a music recording studio, a sports simulator room, a games room, an in-house cinema, a large fitness centre, a yoga and pilates studio, a wellness spa, guest suites for visiting friends and relatives, co-working spaces and a kids club. Facilities in the complex open to members of the public include a selection of fine dining outlets and retail units on the podium level, as well as a 40,000 square foot Wellfit fitness centre," the largest gym in the Dubai Harbour area.""",,,,,
",Marsa Dubai""",Dubai Development Authority (DDA),0,0,0,494,,,,,,,,,,,,,,,,
3319,Greenville 2,1155,EMAAR DUBAI SOUTH DWC LLC,2025-01-30 00:00:00,2029-03-31 00:00:00,2024-10-07 10:49:03,Normal,176434088,11134281920029,ACTIVE,6.43,2025-08-29 11:15:06,,Freehold G+1 Townhouses consisting of 74 nos. of 3Bedroom and 74 nos. of 4Bedroom.The project designed to have a concrete structure and block with internal and external finishes.,Madinat Al Mataar,Dubai South,0,0.0,148.0,0.0,
3320,311 Boulevard by Bam Eskan,1776,BAM ESKAN REAL ESTATE DEVELOPMENT L.L.C,2025-04-01 00:00:00,2027-10-01 00:00:00,2025-02-20 14:19:59,Normal,190900000,13766416920002,ACTIVE,0,2024-10-02 15:36:28,,bldg G+3P+15+Roof,Al Barsha South Fourth,Trakhees,0,0.0,0.0,399.0,
3322,CORAL ISLE RESIDENCES,1429,GROVY HOMES REAL ESTATE DEVELOPMENT L.L.C,2025-04-15 00:00:00,2027-03-31 00:00:00,2025-05-05 14:38:52,Normal,35000000,0000695010000002,ACTIVE,0,2024-12-06 15:46:36,,G+2P+8,Palm Deira,,0,0.0,0.0,68.0,
3323,The Chedi Private Residences,1014,ALSEEB REAL ESTATE DEVELOPMENT L.L.C,2025-03-01 00:00:00,2029-02-28 00:00:00,2024-12-10 11:38:43,Normal,500000000,001582141514101,ACTIVE,0.01,2025-06-10 10:20:41,,Branded Residences with Ground Floor + 5 podiums + 44 Floors + 3 Mechanical Floors,Al Thanyah First,Dubai Development Authority (DDA),0,0.0,0.0,118.0,
3325,Bearys Wafira,1515,BEARYS GLOBAL VENTURES REAL ESTATE DEVELOPMENT L.L.C,2025-03-15 00:00:00,2028-03-30 00:00:00,,Normal,180000000,,PENDING,0,2024-10-12 16:24:27,,Residential And Retail Building (B+G+3P+25+R),Um Hurair Second,,0,0.0,0.0,90.0,
3329,Rome 2 by SD,1688,SAMANA STAR REAL ESTATE DEVELOPMENT L.L.C,2025-01-01 00:00:00,2027-06-30 00:00:00,2024-11-19 14:47:41,Normal,22000000,1009738327,ACTIVE,2.17,2025-06-17 12:15:36,,"B+G+5+R.The project designed to have a concrete structure and block with internal and external finishes.
",Wadi Al Safa 3,Dubai Municipality,0,0.0,0.0,42.0,
3331,Palm Jebel Ali - Frond A,104,THE PALM - JEBEL ALI CO. (L.L.C),2025-01-14 00:00:00,2028-01-17 00:00:00,2024-11-12 12:29:30,Normal,345792153,0205839681324,ACTIVE,0.68,2025-07-28 14:56:26,,"Residential project consists of 60 G + 2 villas, including 30 Nos 5-Bedroom and 30 Nos 6-Bedroom Villas",Palm Jabal Ali,Trakhees,0,0.0,60.0,0.0,
3332,THE ONE by Prestige One,1614,PRESTIGE THE ONE REAL ESTATE DEVELOPMENT L.L.C,2025-01-01 00:00:00,2027-06-30 00:00:00,2024-11-04 00:00:00,Normal,35000000,0405902189606,ACTIVE,1.05,2025-06-26 18:47:11,,3B+G+14+Roof.The project designed to have a concrete structure and block with internal and external finishes.,Al Thanyah First,Dubai Development Authority (DDA),0,0.0,0.0,41.0,
3337,Avenue Park Towers,1203,PARK 1 L.L.C,2025-08-01 00:00:00,2028-12-31 00:00:00,2024-11-08 11:56:33,Normal,871552281,0205256122110,ACTIVE,0,2024-10-16 13:10:52,,G (Retail) + 5F (Parking) + 3F (Office) + 34 / 28 Residential Towers + Roof.,Al Kifaf,Dubai Municipality,0,0.0,0.0,671.0,
3339,Verano By Prescott,1207,PRESCOTT REAL ESTATE DEVELOPMENT L.L.C,2025-03-30 00:00:00,2026-12-31 00:00:00,2024-12-31 12:08:57,Normal,101175000,200824099,ACTIVE,1.73,2025-05-14 18:23:29,,1B+G+7Floor+Roof.The project designed to have a concrete structure and block with internal and external finishes.,Al Hebiah Second,Dubai Development Authority (DDA),0,0.0,0.0,269.0,
3343,ELM AT PARK FIVE,15,DEYAAR DEVELOPMENT (P.J.S.C),2025-04-01 00:00:00,2027-06-01 00:00:00,2024-12-09 10:13:06,Normal,238000000,001582142020401,ACTIVE,0,2024-10-15 11:25:25,,"Tower: (B+G+P+11+R) Floors Residential Building - Fully equipped gym, Landscaped BBQ Area, Kids Play Area, Multipurpose Room, Swimming pool, Kids swimming pool,2 Plunge Pools, Sand Sport Area @ the Podium Floors. Volleyball/Football/Basketball Hoop, Green Lawn or Dog Park @ the Roof . 
 ",Me'Aisem First,Dubai Development Authority (DDA),0,0.0,0.0,532.0,
3344,EMBER AT PARK FIVE,15,DEYAAR DEVELOPMENT (P.J.S.C),2025-04-01 00:00:00,2027-06-01 00:00:00,2024-12-16 15:16:16,Normal,115000000,001582143761201,ACTIVE,0,2024-10-15 11:28:31,,"Tower:(B+G+P+11+R) Floors Residential Building - Fully equipped Cinema Room,Gym,Landscaped BBQ Area, Kids Play Area,Swimming pool,Kids swimming pool,Plunge Pools,Sand Pit Kids Play Area @ the Podium Floors &
Sand Sport Area Volleyball/Football/Basketball Hoop,Green Lawn @ the Roof .  ",Me'Aisem First,Dubai Development Authority (DDA),0,0.0,0.0,205.0,
3346,MADA'IN,542,MARINA ARCADE REAL ESTATE (L.L.C),2025-02-25 00:00:00,2028-02-28 00:00:00,2025-02-19 12:02:08,Normal,431660700,1009777325,ACTIVE,0,2024-12-25 12:13:29,,Residential building - 4 basement + G + 4P + 66 Floors + Roof as follow + 214 units residential with no retail.,Marsa Dubai,Dubai Municipality,0,0.0,0.0,982.0,
3347,Palm Jebel Ali - Frond B,104,THE PALM - JEBEL ALI CO. (L.L.C),2025-01-14 00:00:00,2028-01-17 00:00:00,2024-11-12 12:31:35,Normal,453550070,0205839681326,ACTIVE,0.59,2025-07-28 14:58:12,,"Residential project consists of 78 G + 2 villas, including 38 Nos 5-Bedroom and 40 Nos 6-Bedroom.",Palm Jabal Ali,Trakhees,0,0.0,78.0,0.0,
3348,TREPPAN TOWER,1415,FAKHRUDDIN PROPERTIES DEVELOPMENT L.L.C,2025-01-01 00:00:00,2027-04-01 00:00:00,2024-12-24 14:04:59,Normal,95000000,0205803134514,ACTIVE,0,2024-10-16 13:45:31,,(G+5P+27F) + Retail@G.Floor Residential Tower. ,Al Barsha South Fifth,Trakhees,0,0.0,0.0,264.0,
3352,Palm Jebel Ali - Frond E,104,THE PALM - JEBEL ALI CO. (L.L.C),2025-01-14 00:00:00,2028-01-17 00:00:00,2024-11-12 16:16:41,Normal,640408528,29172450,ACTIVE,0.41,2025-07-28 16:46:13,,"Residential project consists of 110 G + 2 villas, including 51 Nos 5-Bedroom and 59                      Nos 6-Bedroom.",Palm Jabal Ali,Trakhees,0,0.0,110.0,0.0,
3353,Palm Jebel Ali - Frond C,104,THE PALM - JEBEL ALI CO. (L.L.C),2025-01-14 00:00:00,2028-01-17 00:00:00,2024-11-12 12:33:48,Normal,576973655,0205839681320,ACTIVE,0.57,2025-07-28 16:41:08,,"Residential project consists of 100 G + 2 villas, including 48 Nos 5-Bedroom and 52 Nos 6-Bedroom .",Palm Jabal Ali,Trakhees,0,0.0,100.0,0.0,
3354,Palm Jebel Ali - Frond F,104,THE PALM - JEBEL ALI CO. (L.L.C),2025-01-14 00:00:00,2028-01-17 00:00:00,2024-11-12 16:22:02,Normal,471047569,0205839681322,ACTIVE,0.4,2025-07-28 16:48:14,,"Residential project consists of 80 G + 2 villas, including 33 Nos 5-Bedroom and 47 Nos 6-Bedroom.",Palm Jabal Ali,Trakhees,0,0.0,80.0,0.0,
3356,The Orchard Place- Towers D&E,1476,PEAK SUMMIT REAL ESTATE DEVELOPMENT L.L.C,2025-05-21 00:00:00,2028-03-21 00:00:00,2025-05-22 15:01:13,Normal,130000000,1011225707918010,ACTIVE,0,2025-02-07 00:06:43,,MIXED-USE RESIDENTIAL TOWERS (G+4P+2TOWERS(25F+31F)+R),Al Barsha South Fourth,Trakhees,0,0.0,0.0,400.0,
3357,EMPIRE LAKEVIEWS,2046,EMPIRE CROWN REAL ESTATE DEVELOPMENT L.L.C,2025-06-25 00:00:00,2028-06-24 00:00:00,2025-01-13 18:59:44,Normal,60062500,0205902532504,ACTIVE,0,2024-10-22 18:12:38,,"Proposed 4B+G+29 Residential Building,The project designed to have a concrete structure and block with internal and external finishes.
",Wadi Al Safa 2,Dubai Development Authority (DDA),0,0.0,0.0,604.0,
3359,77 Boulevard By Bam ,1837,BAM REAL ESTATE DEVELOPMENT L.L.C,2025-01-10 00:00:00,2026-09-10 00:00:00,2025-03-12 12:13:20,Normal,41000000,200828268,ACTIVE,0,2024-12-31 11:17:51,,G+G+R,Al Barsha South Fourth,Trakhees,0,0.0,0.0,58.0,
3361,Knightsbridge Park,2088,LEOS SOF REAL ESTATE DEVELOPMENT L.L.C,2025-04-15 00:00:00,2027-11-15 00:00:00,2024-11-15 09:50:04,Normal,152922000,0205899233303,ACTIVE,0,2024-10-25 07:21:38,,"Knightsbridge, Dubai?s first climate-adaptive wellness community, presents an exclusive boutique oasis inspired by British architectural style. Nestled in the heart of Meydan District 11.

Knightsbridge will be home to 66 luxury homes, including meticulously designed 6 & 5 bedroom waterfront villas and 4 bedroom townhouses, all set amidst crystal-clear waters, lush green areas, and open skies.

This serene haven of luxury and natural beauty redefines luxury living by seamlessly integrating innovative environmental technology with timeless design, ensuring a lifestyle that harmonizes comfort and sustainability.
Discover a new era of world-class wellness, where every element is crafted to enhance well-being while adapting to Dubai?s unique climate",Wadi Al Safa 3,Dubai Municipality,0,0.0,66.0,0.0,
3363,Emerge Residences ,1895,N A A S REAL ESTATE DEVELOPMENT L.L.C,2025-08-01 00:00:00,2027-11-01 00:00:00,2025-08-22 19:31:53,Normal,40000000,13532431920002,ACTIVE,0,2024-11-25 20:04:49,,"Ground plus 6, units and retails.The project designed to have a concrete structure and block with internal and external finishes.",Nad Al Shiba First,Dubai Municipality,0,0.0,0.0,82.0,
3364,Lexington,1162,NSHAMA PROPERTIES OWNED BY NSHMI DEVELOPMENT ONE PERSON COMPANY L.L.C,2025-05-05 00:00:00,2027-09-30 00:00:00,2024-11-18 10:25:28,Normal,106438547,4031224702173074,ACTIVE,0,2024-10-25 16:46:55,,Residential Apartment Building G+2P+9 + parking in Ground & Podiums levels .,Al Yelayiss 2,Dubai Development Authority (DDA),0,0.0,0.0,142.0,
3365,The Baltimore,1162,NSHAMA PROPERTIES OWNED BY NSHMI DEVELOPMENT ONE PERSON COMPANY L.L.C,2025-05-18 00:00:00,2027-09-30 00:00:00,2024-12-05 09:33:11,Normal,115113563,4031224702173077,ACTIVE,0,2024-10-25 17:06:34,,Residential Apartment G+P+15+R+Parking in Ground Floor & Podium Floor .,Al Yelayiss 2,Dubai Development Authority (DDA),0,0.0,0.0,167.0,
3366,ONE PARK SQUARE BY IMAN,1178,IMAN DEVELOPERS L.L.C,2025-01-01 00:00:00,2028-06-30 00:00:00,2025-01-22 11:40:24,Normal,115000000,001582150263601,ACTIVE,0,2024-11-06 15:15:58,,"PROPOSED RESIDENTIAL (G+5P+24) + RETAIL @ GROUND,The project designed to have a concrete structure and block with internal and external finishes.",Al Barsha South Fourth,Trakhees,0,0.0,0.0,269.0,
3370,The First Collection at Dubai Studio City,2084,TFG S C DEVELOPMENT L.L.C,2025-02-01 00:00:00,2028-01-31 00:00:00,2025-02-20 12:52:01,Normal,169123000,3001747402000,ACTIVE,2.06,2025-06-23 11:11:46,,"B+G+8+R, The project designed to have a concrete structure and block with internal and external finishes.",Al Hebiah Second,Dubai Development Authority (DDA),0,0.0,0.0,379.0,
3371,SquareX One,1739,TASMEER INDIGO REAL ESTATE DEVELOPMENT L.L.C,2025-04-01 00:00:00,2027-04-01 00:00:00,,Normal,62000000,,PENDING,0,2024-11-09 16:48:47,,B+G+3P+16,Al Barsha South Fourth,,0,0.0,0.0,207.0,
3372,DAMAC RIVERSIDE VIEWS - MARINE 1 ,1866,DAMAC MRY INVESTMENT L.L.C,2025-01-29 00:00:00,2028-05-31 00:00:00,2024-11-19 08:48:47,Normal,71538230,4031226083895008,ACTIVE,0.28,2025-05-01 10:57:36,,"Project consists of 2B+G+6+R residential building located in Dubai Investment Park second, Dubai. The building is designed to have a concrete structure and block with internal and external finishes.",Dubai Investment Park Second,Dubai Municipality,0,0.0,0.0,526.0,
3373,DAMAC RIVERSIDE VIEWS - MARINE 2,1866,DAMAC MRY INVESTMENT L.L.C,2025-01-29 00:00:00,2028-05-31 00:00:00,2024-11-19 08:52:39,Normal,71538230,4031226083895011,ACTIVE,0.24,2025-05-01 10:59:39,,"Project consists of 2B+G+6+R residential building located in Dubai Investment Park second, Dubai. The building is designed to have a concrete structure and block with internal and external finishes.",Dubai Investment Park Second,Dubai Municipality,0,0.0,0.0,526.0,
3374,DAMAC RIVERSIDE VIEWS - MARINE 3,1866,DAMAC MRY INVESTMENT L.L.C,2025-01-29 00:00:00,2028-05-31 00:00:00,2024-11-20 09:36:29,Normal,69872880,4031226083895014,ACTIVE,0.24,2025-05-01 11:01:12,,"Project consists of 2B+G+6+R residential building located in Dubai Investment Park second, Dubai. The building is designed to have a concrete structure and block with internal and external finishes.",Dubai Investment Park Second,Dubai Municipality,0,0.0,0.0,307.0,
3375, DAMAC RIVERSIDE VIEWS - MARINE 4,1866,DAMAC MRY INVESTMENT L.L.C,2025-01-29 00:00:00,2028-05-31 00:00:00,2024-11-22 09:19:52,Normal,69996950,4031226083895017,ACTIVE,0.24,2025-05-01 11:03:07,,"Project consists of 2B+G+6+R residential building located in Dubai Investment Park second, Dubai. The building is designed to have a concrete structure and block with internal and external finishes.",Dubai Investment Park Second,Dubai Municipality,0,0.0,0.0,304.0,
3377,Beachfront Gates 1,1142,DUBAI SOUTH PROPERTIES DWC LLC,2025-02-28 00:00:00,2026-12-30 00:00:00,2025-02-03 14:43:19,Normal,78434751,10613405920005,ACTIVE,0,2024-11-06 09:29:22,,The land use of the project is G+6+roof floors commercial & residential apartments and Townhouses,Madinat Al Mataar,Dubai South,0,0.0,0.0,74.0,
3379,Beachfront Gates 2,1142,DUBAI SOUTH PROPERTIES DWC LLC,2025-02-28 00:00:00,2026-12-30 00:00:00,2025-02-03 14:49:34,Normal,132300981,10613405920008,ACTIVE,0,2024-11-06 09:39:24,,The land use of the project is G+6+roof floors commercial & residential apartments.,Madinat Al Mataar,Dubai South,0,0.0,0.0,162.0,
3380,VIVID TOWER,1894,OBJ1 REAL ESTATE DEVELOPMENT L.L.C,2025-01-20 00:00:00,2026-11-30 00:00:00,2025-03-06 13:48:25,Normal,38000000,19390528,ACTIVE,0,2024-12-04 12:25:16,,UG Watertank+G+4P+16+R RESIDENTIAL BLDG. The project designed to have a concrete structure and block with internal and external finishes.,Al Barsha South Fifth,Trakhees,0,0.0,0.0,147.0,
3381,Terra Heights,1237,DWTC EMAAR L.L.C,2025-04-10 00:00:00,2029-03-31 00:00:00,2024-11-14 12:58:04,Normal,864212840,001582136161501,ACTIVE,1.06,2025-08-29 16:45:05,,"The projects is composed of G + 13 Res Floors + Roof on Top having a total of 1004 residential units.

",Madinat Al Mataar,Dubai Municipality,0,0.0,0.0,1004.0,
3383,Peace Lagoons II by Peace Homes,1745,PEACE HOMES DEVELOPMENT L.L.C,2025-01-01 00:00:00,2029-01-01 00:00:00,2025-03-27 15:59:07,Normal,167000000,01434279203,ACTIVE,,,,"4B+G+17 Residential Building,The project designed to have a concrete structure and block with internal and external finishes.",Wadi Al Safa 5,Dubai Development Authority (DDA),0,0.0,0.0,831.0,
3385,Golf Edge,1155,EMAAR DUBAI SOUTH DWC LLC,2025-04-23 00:00:00,2029-02-28 00:00:00,2024-11-14 11:42:50,Normal,161289901,019000086211,ACTIVE,0,2024-11-04 11:24:42,,"G+P+12 Floors Residential Building 

",Madinat Al Mataar,Dubai South,0,0.0,0.0,179.0,
3386,Marina Place 1,1275,MINA RASHID PROPERTIES L.L.C,2025-04-24 00:00:00,2028-12-31 00:00:00,2024-11-15 11:49:34,Normal,152195425,0205838083713,ACTIVE,0,2024-11-04 12:58:10,,"Residential Development consisting of 1 Building (G+P+12 Floors) with 162 Residential Units
",Madinat Dubai Almelaheyah,Trakhees,0,0.0,0.0,162.0,
3387,Marina Place 2,1275,MINA RASHID PROPERTIES L.L.C,2025-04-24 00:00:00,2028-12-31 00:00:00,2024-11-15 11:51:12,Normal,172009796,3538454005410,ACTIVE,0,2024-11-04 13:13:47,,"Residential Development consisting of 1 Building  (G+P+12 Floors) with 179 Residential Units and 1 Retail Unit
",Madinat Dubai Almelaheyah,Trakhees,0,0.0,0.0,180.0,
3388,DAMAC ISLANDS - MALDIVES 1,2035,DAMAC ELITE INVESTMENT CO. L.L.C,2025-03-23 00:00:00,2028-12-31 00:00:00,2025-01-09 14:09:08,Normal,222658450,0205892602923,ACTIVE,0.36,2025-06-04 11:21:23,,"Project consists of 397 Nos of B+G+2, G+2 and G+1 Townhouses and Villas located in Al Yalayis 1, Dubai. The units are designed to have a concrete structure and block with internal and external finishes.",Al Yelayiss 1,Dubai Development Authority (DDA),0,0.0,397.0,0.0,
3389,Mirdif Hills - Asayel Avenue,278,DUBAI INVESTMENT REAL ESTATE (L L C),2025-05-05 00:00:00,2027-05-05 00:00:00,2025-04-22 11:13:13,Normal,150000000,490555920029,ACTIVE,0,2024-11-06 10:52:43,,"Basement Parking Floor and Ground floor Residential and Amenities and 4 typical residential floors and roof services and residential floor,The project designed to have a concrete structure and block with internal and external finishes.",Mirdif,Dubai Municipality,0,0.0,0.0,193.0,
3392,VELOR,1485,GINCO PROPERTIES L.L.C,2025-05-01 00:00:00,2027-11-01 00:00:00,2025-04-21 13:43:58,Normal,105000000,3718441443613,ACTIVE,0,2025-02-04 11:20:28,,"VELOR (2B + G + 3P + 28 + Service Floor + R)
Residential & Commercial Building in Business Bay, Dubai UAE",Business Bay,Dubai Development Authority (DDA),0,0.0,0.0,52.0,
3394,COTIER HOUSE 1 BY IMTIAZ,1641,IMTIAZ GHD REAL ESTATE DEVELOPMENT L.L.C,2025-01-15 00:00:00,2027-01-15 00:00:00,2025-02-13 11:35:49,Normal,71058505,1011225996258008,ACTIVE,8.05,2025-09-01 09:04:42,,G+2P+10+R RESIDENTIAL BUILDING,Palm Deira,Trakhees,0,0.0,0.0,137.0,
3395,Palm Jebel Ali - Frond D,104,THE PALM - JEBEL ALI CO. (L.L.C),2025-01-14 00:00:00,2028-01-17 00:00:00,2024-11-20 18:05:54,Normal,672867287,29176678,ACTIVE,0.49,2025-07-28 16:42:46,,"Residential project consists of 116 G + 2 villas, including 53 Nos 5-Bedroom and 63 Nos 6-Bedroom.",Palm Jabal Ali,Trakhees,0,0.0,116.0,0.0,
3396,Peninsula Dubai Residences - Tower 1,1499,DUBAI PENINSULA L.L.C,2025-03-03 00:00:00,2029-01-08 00:00:00,2024-12-31 16:36:59,Normal,700000000,0205821503202,ACTIVE,0.15,2025-06-30 12:15:44,,"Tower A (B1+G+P1+L1-L20+R) 32 unit +1 Penthouse    and Tower B (B1+G+P1+L1-L28+R) 44 Units +1 Penthouse 
 .The project designed to have a concrete structure and block with internal and external finishes.",Jumeirah Second,Dubai Municipality,0,0.0,0.0,77.0,
3397,Binghatti Twilight,1051,Binghatti Developers FZE,2025-04-01 00:00:00,2026-04-30 00:00:00,2025-06-11 12:16:42,Normal,197000000,0011370621104,ACTIVE,0,2024-11-11 13:22:16,,4B + G + 3P + 1 OFFICES&AMENITY + 3 OFFICES + 21 RES. +1MECH. + ROOF,Al Jadaf,Dubai Development Authority (DDA),0,0.0,0.0,277.0,
3400, 999 Residences by Reef Luxury Development,1944,REEF LUXURY DEVELOPMENT L.L.C,2025-04-01 00:00:00,2027-06-30 00:00:00,2025-01-07 00:00:00,Normal,22000000,1091226141046007,ACTIVE,0,2025-03-19 13:00:30,,"G+P+12+R Commercial and Residential Building
Consist of 1 Bedroom + Balcony =108 rooms, 2 Bedroom + Balcony =20 rooms, 3 Bedroom + Balcony =4 rooms and 4 Bedroom + Balcony = 10 rooms. Total of 142 rooms.
",Jabal Ali First,Trakhees,0,0.0,0.0,148.0,
3403,INTERSTELLAR TOWER,1742,BOUJEE REAL ESTATE DEVELOPMENT L.L.C,2025-06-01 00:00:00,2028-07-01 00:00:00,,Normal,130693435,,PENDING,0,2024-11-13 12:43:54,,Residential Building (B+G+4P+18+R) with Retail@ GF +Swimming Pool with entertainment @First Floor,Al Barsha South Fifth,,0,0.0,0.0,187.0,
3405,The Valley - Kaia,1211,EMAAR DEVELOPMENT P.J.S.C.,2025-02-28 00:00:00,2028-07-31 00:00:00,2024-11-19 14:13:36,Normal,166917275,10653441920051,ACTIVE,0.27,2025-05-08 10:10:35,,"Residential development consisting of 156 villas (G+1).The project designed to have a concrete structure and block with internal and external finishes.
",Al Yufrah 1,Dubai Development Authority (DDA),0,0.0,156.0,0.0,
3406,The Valley - Elea,1211,EMAAR DEVELOPMENT P.J.S.C.,2025-02-28 00:00:00,2028-06-30 00:00:00,2024-11-19 15:07:16,Normal,141797656,0205345068531,ACTIVE,3.04,2025-09-12 17:14:14,,"Residential development consisting of 128 villas (G+1)
",Al Yufrah 1,Dubai Development Authority (DDA),0,0.0,128.0,0.0,
3408,SERENIA DISTRICT - WEST,1068,PALMA HOMES REAL ESTATE DEVELOPMENT L.L.C,2025-01-02 00:00:00,2028-12-31 00:00:00,2025-02-20 10:40:54,Normal,634668000,0012004307008,ACTIVE,0,2025-02-04 12:36:42,,Mixed Used - Residential with Retail (B+G+3P+43F+R) + Swimming Pools @ 1st Floor + Gym with SPA @ 1st & 2nd Podiums,Al Thanyah Fifth,Trakhees,0,0.0,0.0,423.0,
3410,Esme' Beach Residences,1854,ELYSIAN LUXURY REAL ESTATE DEVELOPMENT L.L.C,2025-01-01 00:00:00,2027-04-01 00:00:00,2025-01-13 13:20:15,Normal,62000000,13462896920002,ACTIVE,0,2024-11-20 18:02:44,,"RESIDENTIAL BUILDING  GROUND , 2 Podium Plus 12 ,Units .The project designed to have a concrete structure and block with internal and external finishes.",Palm Deira,Trakhees,0,0.0,0.0,109.0,
3411,Hillsedge,984,DUBAI HILLS ESTATE L.L.C,2025-05-02 00:00:00,2029-01-31 00:00:00,2024-11-29 11:30:58,Normal,358792000,4031223791259009,ACTIVE,2.48,2025-05-15 10:51:28,,"Basement + Ground Floor + Podium + 2 Residential Buildings + 10 Apartment G + 1
Building 01: B + G + P + 19 floors (198 Residential Units)
Building 02: B + G + P + 18 floors (198 Residential Units)
Apartments: G + 1 (10 Residential Units)
",Hadaeq Sheikh Mohammed Bin Rashid,Dubai Development Authority (DDA),0,0.0,0.0,406.0,
3412,La Cle by Maaia Developers,1971,MAAIA PRIME REAL ESTATE DEVELOPERS L.L.C,2025-01-15 00:00:00,2027-01-14 00:00:00,2025-01-23 16:31:08,Normal,36000000,19361812,ACTIVE,0,2024-12-11 10:59:17,,GR+2P+7+ROOF.The project designed to have a concrete structure and block with internal and external finishes.,Jabal Ali First,Trakhees,0,0.0,0.0,58.0,
3414,VEGA,1403,ACUBE REAL ESTATE DEVELOPMENT L L C,2025-01-15 00:00:00,2027-05-15 00:00:00,2024-12-17 14:42:07,Normal,52000000,0205806681610,ACTIVE,2.83,2025-06-20 14:56:14,,Residential Project in Dubai Sports City. The project designed to have a concrete structure and block with internal and external finishes.,Al Hebiah Fourth,Dubai Development Authority (DDA),0,0.0,0.0,129.0,
3415,Bay Grove Residences C - Dubai Islands,105,DUBAI ISLANDS L.L.C,2025-02-15 00:00:00,2028-04-10 00:00:00,2024-12-13 16:55:49,Normal,446396858,29192373,ACTIVE,0.02,2025-08-22 18:27:41,,"The Project is a luxurious Residences located at Dubai Islands. The Project Introduces one combined Basement, one combined Ground + 4 buildings : 
BG 9 = B+G+9+R (67 units)
BG 10 = B+G+11+R (69 units)
BG 11 = B+G+20+R (118 units)
BG 12 = B+G+18+R (106 units).
The Residences consist of a total of 360 Apartments with unit mix of 1-Bedroom, 2-Bedrooms, 3-Bedrooms, and 4-Bedroom (Simplex & Duplex Apartments).",Palm Deira,Trakhees,0,0.0,0.0,360.0,
3419,The Hub Residences by ZaZEN,1311,ZAZEN PROPERTY DEVELOPMENT L.L.C,2025-03-15 00:00:00,2027-01-15 00:00:00,2024-12-30 14:06:27,Normal,80000000,1011222041216010.0,ACTIVE,2.96,2025-07-31 16:53:39,,UG+G+1P+10TYP+ Roof Residential Building.The project designed to have a concrete structure and block with internal and external finishes.,Jabal Ali First,Trakhees,0.0,0.0,0.0,105.0,
3421,Bond Enclave,1848,PEARLSHIRE REAL ESTATE DEVELOPMENT L.L.C,2025-06-01 00:00:00,2027-11-30 00:00:00,2025-01-11 18:52:22,Normal,68325525,13989359820003.0,ACTIVE,2.86,2025-08-22 15:24:53,,Basement + Ground + 8 Residencial Floors + Roof.The project designed to have a concrete structure and block with internal and external finishes.,Al Barshaa South Third,Dubai Development Authority (DDA),0.0,0.0,0.0,156.0,
3422,Samana Barari Lagoons,1598,SAMANA SIGNATURE REAL ESTATE DEVELOPMENTS L.L.C,2025-04-01 00:00:00,2028-03-31 00:00:00,2024-12-16 13:42:13,Normal,188000000,12223251585.0,ACTIVE,4.03,2025-06-17 16:57:49,,"3B+G+2RETAIL+2P+30+1Mech+Roof.The project designed to have a concrete structure and block with internal and external finishes.
",Wadi Al Safa 3,Dubai Development Authority (DDA),0.0,0.0,0.0,601.0,
3425,Orise,1875,ORISE RESIDENCES REAL ESTATE DEVELOPMENT L.L.C,2025-02-28 00:00:00,2027-11-30 00:00:00,2024-12-04 00:00:00,Normal,490000000,205902663702.0,ACTIVE,1.02,2025-07-15 12:28:43,,Residential Building (Common B+G+3P) + Tower 1 (48 Floors + Roof) + Tower 2(28 Floors +Roof).,Madinat Dubai Almelaheyah,Trakhees,0.0,0.0,0.0,534.0,
3426,Golf Acres,1155,EMAAR DUBAI SOUTH DWC LLC,2025-05-23 00:00:00,2028-12-31 00:00:00,2024-12-11 10:39:35,Normal,145199986,11134281920031.0,ACTIVE,0.0,2024-11-22 11:04:29,,"G+P+ 16 Floors Residential Building + 10 Townhouses G+1
",Madinat Al Mataar,Dubai South,0.0,0.0,0.0,158.0,
3427,Golf Dale,1155,EMAAR DUBAI SOUTH DWC LLC,2025-05-23 00:00:00,2028-12-31 00:00:00,2024-12-11 10:41:47,Normal,186585142,11134281920033.0,ACTIVE,0.0,2024-11-25 12:28:58,,"Residential G+P+13 Floors & G+P+10 Floors + 5 Townhouses G+1
",Madinat Al Mataar,Dubai South,0.0,0.0,0.0,200.0,
3428,THE BOULEVARD BY PRESTIGE ONE ,2083,PRESTIGE THE BOULEVARD REAL ESTATE DEVELOPMENT L.L.C,2025-07-01 00:00:00,2027-11-30 00:00:00,2025-01-31 15:59:47,Normal,40000000,405907199405.0,ACTIVE,0.0,2024-11-25 18:37:25,,3B+G+1P+16+R.The project designed to have a concrete structure and block with internal and external finishes.,Wadi Al Safa 5,Dubai Development Authority (DDA),0.0,0.0,0.0,387.0,
3429,GOLF TERRACES,2098,ARGO REAL ESTATE DEVELOPMENT L.L.C,2025-06-01 00:00:00,2026-12-31 00:00:00,,Normal,50000000,,PENDING,,,,G+7+R,Me'Aisem First,,0.0,0.0,0.0,60.0,
3430,The Valley - Farm Grove,1211,EMAAR DEVELOPMENT P.J.S.C.,2025-02-28 00:00:00,2028-12-31 00:00:00,2024-12-04 14:40:40,Normal,852220355,4031221997653047.0,ACTIVE,1.43,2025-09-12 17:09:15,,"Residential development consisting of 482 villas (G+2)

",Al Yufrah 1,Dubai Development Authority (DDA),0.0,0.0,482.0,0.0,
3431,The Valley - Farm Grove 2,1211,EMAAR DEVELOPMENT P.J.S.C.,2025-02-28 00:00:00,2028-10-31 00:00:00,2024-12-04 14:43:39,Normal,521547974,205345068533.0,ACTIVE,1.44,2025-09-12 17:30:36,,"Residential development consisting of 290 villas (G+2)

",Al Yufrah 1,Dubai Development Authority (DDA),0.0,0.0,290.0,0.0,
3434,Orvessa Residences by Michel Adam,1855,BNW ECHJAY REAL ESTATE DEVELOPMENT L.L.C,2025-06-30 00:00:00,2028-06-30 00:00:00,,Normal,73969350,13690847920003.0,PENDING,0.0,2024-12-26 08:12:18,,Residential Building (B+G+2P+14),Jabal Ali First,,0.0,0.0,0.0,92.0,
3435,Skyvue,966,SOBHA L.L.C,2025-04-01 00:00:00,2030-03-31 00:00:00,2025-02-25 09:10:36,Normal,1511689950,1582161999001.0,ACTIVE,0.0,2025-01-14 09:31:16,,"Proposed Ground + 6 Podiums + 74 Floors +Roof ,Commercial (Retail) and Residential Development",Bukadra,Dubai Municipality,0.0,0.0,0.0,1864.0,
3437,DAMAC ISLANDS - MALDIVES 2,2035,DAMAC ELITE INVESTMENT CO. L.L.C,2025-03-23 00:00:00,2028-12-31 00:00:00,2025-01-09 00:00:00,Normal,200390169,205892602921.0,ACTIVE,0.36,2025-06-04 11:23:13,,"Project consists of 380 Nos of B+G+2, G+2 and G+1 Townhouses and Villas located in Al Yalayis 1, Dubai. The units are designed to have a concrete structure and block with internal and external finishes.",Al Yelayiss 1,Dubai Development Authority (DDA),1.0,0.0,379.0,0.0,
3438,DAMAC ISLANDS - MALDIVES 3,2035,DAMAC ELITE INVESTMENT CO. L.L.C,2025-03-23 00:00:00,2028-12-31 00:00:00,2025-01-09 13:01:43,Normal,191214583,205892602919.0,ACTIVE,0.05,2025-06-04 11:24:36,,"Project consists of 313 Nos of B+G+2, G+2 and G+1 Townhouses and Villas located in Al Yalayis 1, Dubai. The units are designed to have a concrete structure and block with internal and external finishes.",Al Yelayiss 1,Dubai Development Authority (DDA),0.0,0.0,313.0,0.0,
3439,THE BRISTOL Emaar Beachfront,1211,EMAAR DEVELOPMENT P.J.S.C.,2025-05-08 00:00:00,2029-09-30 00:00:00,2024-12-10 11:02:07,Normal,468464202,10653441920053.0,ACTIVE,0.06,2025-07-01 16:38:36,,"The project is composed of 1B+G+8P+11 Hotel Floors + 33 Res Floors + Roof on Top having a total of 150 Hotel keys
227 Residential Apartments and Retail unit
",Marsa Dubai,Dubai Development Authority (DDA),0.0,0.0,0.0,229.0,
3441,One By Preston,2004,PRESTON PROPERTIES L.L.C,2025-06-05 00:00:00,2027-05-05 00:00:00,,Normal,25584530,,PENDING,0.0,2024-11-28 19:37:47,,"Residential Building (G+4+Roof)
",Madinat Al Mataar,,0.0,0.0,0.0,56.0,
3443,Luminar Tower 3,1894,OBJ1 REAL ESTATE DEVELOPMENT L.L.C,2025-01-22 00:00:00,2027-03-30 00:00:00,2024-12-17 12:05:15,Normal,40000000,19344367.0,ACTIVE,2.02,2025-05-28 19:56:46,,B+G+5P+20+R Residential Building with Retail at Ground Floor. The project designed to have a concrete structure and block with internal and external finishes.,Al Barsha South Fifth,Trakhees,0.0,0.0,0.0,188.0,
3444,THE WATERCREST BY ELLINGTON ,1117,ELLINGTON PROPERTIES DEVELOPMENT L.L.C,2025-01-31 00:00:00,2028-03-31 00:00:00,2025-03-11 12:06:10,Normal,233470000,1009766179.0,ACTIVE,0.0,2025-01-17 16:11:06,,"84 Villa Ground, First, Roof and Services.",Wadi Al Safa 3,Dubai Municipality,0.0,0.0,84.0,0.0,
3445,Jumeirah Asora Bay,1510,DHRE 2 BTS L.L.C,2025-05-01 00:00:00,2029-03-31 00:00:00,2025-02-11 13:01:46,Normal,949000000,10497411920041.0,ACTIVE,0.0,2024-12-04 17:13:26,,"The project consists of two buildings as follows:

Building 1 : Jumeirah Asora Bay Hotel.      (G+7 with 103 Rooms) including Hotel Villas Ground Floor (20 Units)

Building 2 : Jumeirah Residences Asora Bay Residential Building (G+11 with 29 no. units) + Residents Lounge, Gym & Spa
",Jumeirah First,Dubai Development Authority (DDA),0.0,0.0,0.0,30.0,
3446,Nad Al Sheba Gardens Phase 7,1762,NAS ESTATES L.L.C,2025-01-28 00:00:00,2028-02-15 00:00:00,2024-12-11 09:41:17,Normal,690000000,205865423608.0,ACTIVE,0.09,2025-08-22 17:09:17,,"Residential project with Total number of 260 Townhouses & Villas (G+1 & G+2) as follows:
	24 (6-Plex) Townhouse 3-Bedroom (G+1)
	40 (4-Plex) Townhouse 3-Bedroom (G+2)
	78 (6-Plex) Townhouse 3-Bedroom (G+2)
	28 of 4-Bedroom Villa (G+2)
	57 of 5-Bedroom Villa (G+2)
	23 of 6-Bedroom Villa (G+2)
	10 of 7-Bedroom Villa (G+2)

",Nad Al Shiba First,Dubai Development Authority (DDA),0.0,0.0,260.0,0.0,
3447,Rena,1511,AVENEW REAL ESTATE DEVELOPMENT L.L.C,2025-05-15 00:00:00,2027-05-15 00:00:00,2024-12-12 00:00:00,Normal,85000000,1582143154201.0,ACTIVE,3.79,2025-08-21 14:26:30,,"1B+G+7+R+UR
",Palm Deira,Trakhees,0.0,0.0,0.0,64.0,
3449,Vivanti Residences by Meteora,1841,METEORA ELITE REAL ESTATE DEVELOPMENTS L.L.C,2025-01-01 00:00:00,2028-01-01 00:00:00,2025-07-01 13:20:53,Normal,90000000,13407614920004.0,ACTIVE,0.02,2025-01-23 08:50:09,,Residential / Commercial Building (B +G+3P+11 Typical + R & B +G+3P +17 Typical + R & B +G+3P+11 Typical + R),Al Barsha South Fourth,Trakhees,0.0,0.0,0.0,476.0,
3450,Odessa,1162,NSHAMA PROPERTIES OWNED BY NSHMI DEVELOPMENT ONE PERSON COMPANY L.L.C,2025-08-25 00:00:00,2027-12-30 00:00:00,2025-03-06 10:28:51,Normal,136243587,4031224702173086.0,ACTIVE,0.0,2025-01-15 12:09:50,,"Residential Apartment Building G+2P+13 + roof +parking in Ground & Podiums floors
",Al Yelayiss 2,Dubai Development Authority (DDA),0.0,0.0,0.0,178.0,
3451,Ellison ,1162,NSHAMA PROPERTIES OWNED BY NSHMI DEVELOPMENT ONE PERSON COMPANY L.L.C,2025-07-14 00:00:00,2027-11-30 00:00:00,2025-01-30 09:49:44,Normal,107371545,4031224702173080.0,ACTIVE,0.0,2025-01-15 12:11:36,,"Residential Apartment Building G+2P+9+Parking in Ground Floor & Podium levels
",Al Yelayiss 2,Dubai Development Authority (DDA),0.0,0.0,0.0,148.0,
3454,Alma Gardens,1818,ALMA REAL ESTATE DEVELOPMENTS L.L.C,2025-01-15 00:00:00,2026-05-15 00:00:00,2025-01-24 15:43:05,Normal,41000000,1009792118.0,ACTIVE,10.81,2025-06-25 12:30:05,,"This project is a boutique residential building located in the Liwan area, a prime and emerging community in Dubai. The project features a ground floor (G), podium level (P), 9 residential floors (G+P+9), and a rooftop (R). It is designed to cater to modern urban living while maintaining a focus on comfort, aesthetics, and functionality.",Wadi Al Safa 2,Dubai Development Authority (DDA),0.0,0.0,0.0,77.0,
3455,La Tilia at Villanova Phase 1,1039,NORTH DUBAILAND PROJECTS L.L.C,2025-01-21 00:00:00,2028-08-21 00:00:00,2024-12-23 15:02:44,Normal,379000000,4031226200204002.0,ACTIVE,0.81,2025-08-22 18:42:22,,"Residential project consists of 410 (G+1, G+2) 3 & 4 Bedroom Townhouse units including 24 frozen units (386 units excl. frozen units)
 as following:
3 bed G+1: 202 units (including 14 frozen units) 
4 bed G+1: 102 units (including 10 frozen units)
3 bed G+2: 32 units
4 bed G+2 : 74 units  
",Wadi Al Safa 5,Dubai Development Authority (DDA),0.0,0.0,386.0,0.0,
3456,La Tilia at Villanova Phase 2,1039,NORTH DUBAILAND PROJECTS L.L.C,2025-01-21 00:00:00,2028-08-21 00:00:00,2024-12-23 15:04:27,Normal,405000000,4031226200204003.0,ACTIVE,0.64,2025-08-22 18:43:38,,"Residential project consists of 440 (G+1, G+2) 3 & 4 Bedroom Townhouse units including 42 frozen units (398 units excl. frozen units)
as follows:
?	3 bed G+1: 232 units (including 26 frozen units) 
?	4 bed G+1: 104 units (including 14 frozen units)
?	3 bed G+2: 34 units
?	4 bed G+2: 70 units (including 2 frozen units)
",Wadi Al Safa 5,Dubai Development Authority (DDA),0.0,0.0,398.0,0.0,
3457,Woodland Terraces,1753,A M I S REAL ESTATE DEVELOPMENT L.L.C,2025-02-03 00:00:00,2027-03-30 00:00:00,2025-01-29 09:26:57,Normal,33890000,13253198920004.0,ACTIVE,0.0,2024-12-25 17:30:26,,2B+G+5+Roof,Wadi Al Safa 3,Dubai Municipality,0.0,0.0,0.0,76.0,
3459,Rome 3 by SD ,1688,SAMANA STAR REAL ESTATE DEVELOPMENT L.L.C,2025-07-01 00:00:00,2028-06-30 00:00:00,,Normal,45960201,,PENDING,0.0,2025-08-21 10:30:59,,B+G+6+R,Wadi Al Safa 3,,0.0,0.0,0.0,85.0,
3461,Aman Residences Dubai,2163,BLACKWOOD DEVELOPMENT L.L.C,2025-07-12 00:00:00,2028-12-31 00:00:00,2025-01-21 11:36:58,Normal,1600000000,205908368504.0,ACTIVE,,,,"Tower 1 :   B+G+P+30+R   ( 38 Units + 1 Penthouse ) 
Tower 2 : B+G+P+26+R ( 30 Units + 1 Penthouse ) 
4 Villas ( G+3 )
",Jumeirah Second,Dubai Municipality,0.0,0.0,0.0,74.0,
3462,The Valley - Elva,1211,EMAAR DEVELOPMENT P.J.S.C.,2025-02-28 00:00:00,2028-10-31 00:00:00,2024-12-24 21:02:49,Normal,290865637,205345068535.0,ACTIVE,5.14,2025-09-12 17:28:20,,"Residential development consisting of 244 villas (G+1)
",Al Yufrah 1,Dubai Development Authority (DDA),0.0,0.0,244.0,0.0,
3464,Ashwood Residences by Skyland Horizons Real Estate Development,1829,SKYLAND HORIZONS REAL ESTATE DEVELOPMENT L.L.C,2025-04-01 00:00:00,2027-03-31 00:00:00,2025-06-03 14:59:40,Normal,55671360,90030200025178.0,ACTIVE,3.86,2025-09-19 11:19:23,,Residential Building (U/G +G+4P+17+R),Al Barsha South Fifth,Trakhees,0.0,0.0,0.0,153.0,
3465,Reportage Hills,1277,REPORTAGE PRIME PROPERTIES L.L.C,2025-06-30 00:00:00,2028-06-30 00:00:00,2025-01-10 00:00:00,Normal,275000000,1009780436.0,ACTIVE,0.0,2024-12-20 10:15:26,,259 villas,Al Hebiah Fifth,Dubai Development Authority (DDA),2.0,0.0,1121.0,0.0,
3467,Elire,1692,QUBE DEVELOPMENT L.L.C,2025-04-15 00:00:00,2028-12-15 00:00:00,2025-04-28 00:00:00,Normal,164451210,1091006021279010.0,ACTIVE,0.11,2025-09-23 10:42:36,,"Building (1B+G+3P+25) 100 Units. The project designed to have a concrete structure and block with internal and external finishes.

",Business Bay,Dubai Development Authority (DDA),0.0,0.0,0.0,101.0,
3468,Lilian Residences,1596,LONDON GATE REAL ESTATE DEVELOPMENT L.L.C,2025-04-01 00:00:00,2028-04-01 00:00:00,2025-05-16 13:54:33,Normal,20580000,29370864.0,ACTIVE,0.0,2024-12-20 14:05:35,,Residential building consisting of  1P+G+6F+Roof,Madinat Al Mataar,Dubai South,0.0,0.0,0.0,66.0,
3469,OMORIA HOTEL RESIDENCES,1175,INNOVATE DEVELOPMENT L.L.C,2025-01-01 00:00:00,2028-07-31 00:00:00,2025-05-30 12:19:25,Normal,80000000,12010515004.0,ACTIVE,0.0,2025-01-20 17:11:32,,B+G+7,Palm Deira,Trakhees,0.0,0.0,0.0,57.0,
3471,OMORIA RESORT RESIDENCES,1175,INNOVATE DEVELOPMENT L.L.C,2025-04-01 00:00:00,2028-12-31 00:00:00,,Normal,80000000,,PENDING,,,,"	
B+G+7",Palm Deira,,1.0,0.0,0.0,0.0,
3472,Bellagio by Sunrise,1481,SUNRISE CAPITAL REAL ESTATE DEVELOPMENT L.L.C,2025-05-01 00:00:00,2027-12-01 00:00:00,2025-03-20 19:29:32,Normal,140000000,19500000730.0,ACTIVE,0.0,2024-12-24 14:55:03,,(B+G+P+12) Residential + Office Building,Jabal Ali First,Dubai Municipality,0.0,0.0,0.0,275.0,
3475,DAMAC ISLANDS - BALI 1,2035,DAMAC ELITE INVESTMENT CO. L.L.C,2025-04-15 00:00:00,2028-12-31 00:00:00,2025-01-28 09:39:59,Normal,125720093,205892602927.0,ACTIVE,0.24,2025-06-04 11:26:59,,"Project consists of 294 of G+1 and G+2 Townhouses and Villas located in Al Yelayiss 1, Dubai. The units are designed to have a concrete structure and block with internal and external finishes.",Al Yelayiss 1,Dubai Development Authority (DDA),0.0,0.0,294.0,0.0,
3476,DAMAC ISLANDS - BORA BORA 4,2035,DAMAC ELITE INVESTMENT CO. L.L.C,2025-04-19 00:00:00,2028-12-31 00:00:00,2025-01-22 00:00:00,Normal,37411787,205892602925.0,ACTIVE,0.24,2025-06-04 11:30:21,,"Project consists of 59 of G+1 and G+2 Townhouses and Villas located in Al Yelayiss 1, Dubai. The units are designed to have a concrete structure and block with internal and external finishes.",Al Yelayiss 1,Dubai Development Authority (DDA),12.0,0.0,47.0,0.0,
3477,Azurline Residences by MAAS Developers ,1778,M A A S DEVELOPERS L.L.C,2025-01-01 00:00:00,2027-03-31 00:00:00,2025-03-04 11:28:20,Normal,82990000,13309973920002.0,ACTIVE,16.17,2025-07-15 13:03:47,,"Residential Building (UG+G+4P+PH+18F+R) with Retail @ ground floor +
Swimming Pool with entertainment area @ First floor",Al Barsha South Fourth,Trakhees,0.0,0.0,0.0,205.0,
3479,Zoya Living ,2023,BRILLANA REAL ESTATE DEVELOPMENT L.L.C,2025-04-01 00:00:00,2026-12-31 00:00:00,,Normal,19000000,,CANCELLED,,,,G+8Floors+R (Residential Building),Wadi Al Safa 5,,,,,,
3480,Skyhills Astra,1669,HRE REAL ESTATE DEVELOPMENT L.L.C,2025-01-31 00:00:00,2028-06-30 00:00:00,2025-01-23 00:00:00,Normal,850089100,12157179019.0,ACTIVE,34.15,2025-09-17 10:44:06,,"Tower A: 4B+G+3P+32F+1LR+R
Tower B: 4B+G+3P+33F+1LR+R",Al Barshaa South Second,Dubai Development Authority (DDA),0.0,0.0,0.0,1700.0,
3481,Binghatti Hillside,1051,Binghatti Developers FZE,2025-01-31 00:00:00,2026-06-30 00:00:00,2025-01-24 15:57:06,Normal,150000000,1582192023801.0,ACTIVE,0.0,2025-01-01 00:30:16,,3B + G + 2P +21 RESIDENTIAL FLOORS + ROOF,Al Barshaa South Second,Dubai Development Authority (DDA),0.0,0.0,0.0,411.0,
3482,Azha Millennium Residences,1821,AZHA J V T RESIDENCES L.L.C,2025-06-01 00:00:00,2027-09-01 00:00:00,2025-05-29 13:29:51,Normal,140000000,13807712920003.0,ACTIVE,0.0,2025-01-07 18:55:48,,Mixed used( Residential with retails @ground level (B+G+4P+30+R),Al Barsha South Fifth,Trakhees,0.0,0.0,0.0,198.0,
3483,Cove Edition Residence 4 By Imtiaz ,1129,IMTIAZ REAL ESTATE INVESTMENT & DEVELOPMENT L.L.C,2025-01-21 00:00:00,2027-01-21 00:00:00,2025-01-28 00:00:00,Normal,61045673,1011225608110043.0,ACTIVE,5.22,2025-09-01 09:01:19,, 1B+G+3P+13F+R  RESIDENTIAL BUILDING,Wadi Al Safa 5,Dubai Development Authority (DDA),0.0,0.0,0.0,260.0,
3484,Al Haseen Residence 3,1157,DUGASTA PROPERTIES DEVELOPMENT L.L.C,2025-04-15 00:00:00,2027-05-15 00:00:00,2025-02-07 15:43:05,Normal,31000000,11879528920006.0,ACTIVE,0.64,2025-09-11 13:31:39,,1B+G+6+R,Saih Shuaib 2,Dubai Development Authority (DDA),0.0,0.0,0.0,180.0,
3486,27 East End Garden Residences By Mirha Homes Real Estate Development,2090,MIRHA HOMES REAL ESTATE DEVELOPMENT L.L.C,2025-02-01 00:00:00,2027-01-31 00:00:00,2025-08-01 15:21:00,Normal,24000000,19500000745.0,ACTIVE,1.85,2025-01-03 15:55:40,,Residential Building (B+G+5+Roof),Warsan Fourth,Trakhees,0.0,0.0,0.0,96.0,
3487,ADDRESS GRAND DOWNTOWN,1162,NSHAMA PROPERTIES OWNED BY NSHMI DEVELOPMENT ONE PERSON COMPANY L.L.C,2025-06-10 00:00:00,2028-06-10 00:00:00,2025-02-19 14:19:12,Normal,478731513,4031224702173083.0,ACTIVE,0.0,2025-01-15 12:03:22,,Residential Tower G+54+Roof ,Burj Khalifa,Dubai Municipality,0.0,0.0,0.0,81.0,
3488,Parkwood,984,DUBAI HILLS ESTATE L.L.C,2025-05-02 00:00:00,2029-01-31 00:00:00,2025-01-22 11:04:41,Normal,458124000,4031223791259012.0,ACTIVE,1.54,2025-08-29 11:48:48,,"Tower A: B + G + P + 20 floors, 184 Residential Units
Tower B: B + G + P + 19 floors, 292 Residential Units
Townhouses: G + 1, 11 Residential Units
Clinic: G + 1
",Hadaeq Sheikh Mohammed Bin Rashid,Dubai Development Authority (DDA),0.0,0.0,0.0,488.0,
3490,DAMAC ISLANDS - BALI 2,2035,DAMAC ELITE INVESTMENT CO. L.L.C,2025-04-15 00:00:00,2028-12-31 00:00:00,2025-01-28 09:41:59,Normal,142888189,205892602929.0,ACTIVE,0.24,2025-06-04 11:28:41,,"Project consists of 338 of G+1 and G+2 Townhouses and Villas located in Al Yelayiss 1, Dubai. The units are designed to have a concrete structure and block with internal and external finishes.",Al Yelayiss 1,Dubai Development Authority (DDA),0.0,0.0,338.0,0.0,
3491,Knightsbridge Park 2 ,2088,LEOS SOF REAL ESTATE DEVELOPMENT L.L.C,2025-04-15 00:00:00,2027-11-15 00:00:00,2025-02-25 14:26:48,Normal,168000000,205899233305.0,ACTIVE,0.0,2025-01-07 13:23:39,,"Knightsbridge park 2, Dubai?s first climate-adaptive wellness community, presents an exclusive boutique oasis inspired by British architectural style. Nestled in the heart of Meydan District 11.

Knightsbridge will be home to 66 luxury homes, including meticulously designed 6 & 5 bedroom waterfront villas and 4 bedroom townhouses, all set amidst crystal-clear waters, lush green areas, and open skies.

This serene haven of luxury and natural beauty redefines luxury living by seamlessly integrating innovative environmental technology with timeless design, ensuring a lifestyle that harmonizes comfort and sustainability.
Discover a new era of world-class wellness, where every element is crafted to enhance well-being while adapting to Dubai?s unique climate",Wadi Al Safa 3,Dubai Municipality,0.0,0.0,46.0,0.0,
3494,Floarea  Grande,1542,MASHRIQ ELITE REAL ESTATE DEVELOPMENT L.L.C,2025-02-15 00:00:00,2027-08-14 00:00:00,2025-02-26 12:40:50,Normal,58000000,19500000724.0,ACTIVE,8.97,2025-09-29 11:26:33,,RESIDENTIAL BUILDING (B+G+9+ROOF ),Al Barshaa South Third,Dubai Development Authority (DDA),0.0,0.0,0.0,222.0,
3496,NEEM AT PARK FIVE ,15,DEYAAR DEVELOPMENT (P.J.S.C),2025-07-01 00:00:00,2027-12-01 00:00:00,2025-04-18 12:43:58,Normal,96000000,1582174791701.0,ACTIVE,0.0,2025-01-09 12:09:00,,"A residential building comprising a Basement, Ground Floor, Podium, 11 Upper Floors, and a Rooftop, offering a wide range of amenities including a gym, multipurpose room, adult swimming pool, children's pool, play area for kids, communal dining and BBQ space, and an outdoor social area.",Me'Aisem First,Dubai Development Authority (DDA),0.0,0.0,0.0,145.0,
3498,DAMAC ISLANDS - BORA BORA 1,2035,DAMAC ELITE INVESTMENT CO. L.L.C,2025-04-21 00:00:00,2028-12-31 00:00:00,2025-02-05 10:54:25,Normal,108163534,205892602939.0,ACTIVE,0.34,2025-06-30 13:55:21,,"Project consists of 251 Nos of G+2 and G+1 Townhouses and Villas located in Al Yalayis 1, Dubai. The units are designed to have a concrete structure and block with internal and external finishes.",Al Yelayiss 1,Dubai Development Authority (DDA),0.0,0.0,251.0,0.0,
3499,DAMAC ISLANDS - BORA BORA 2,2035,DAMAC ELITE INVESTMENT CO. L.L.C,2025-04-21 00:00:00,2028-12-31 00:00:00,2025-02-05 10:56:35,Normal,103369720,205892602943.0,ACTIVE,0.35,2025-06-30 14:02:14,,"Project consists of 233 Nos of G+2 and G+1 Townhouses and Villas located in Al Yalayis 1, Dubai. The units are designed to have a concrete structure and block with internal and external finishes.",Al Yelayiss 1,Dubai Development Authority (DDA),0.0,0.0,233.0,0.0,
3500,DAMAC ISLANDS - BORA BORA 3,2035,DAMAC ELITE INVESTMENT CO. L.L.C,2025-04-21 00:00:00,2028-12-31 00:00:00,2025-02-05 13:00:34,Normal,187359049,205892602933.0,ACTIVE,0.25,2025-06-30 14:05:01,,"Project consists of 388 Nos of G+2 and G+1 Townhouses and Villas located in Al Yalayis 1, Dubai. The units are designed to have a concrete structure and block with internal and external finishes.",Al Yelayiss 1,Dubai Development Authority (DDA),15.0,0.0,388.0,0.0,
3502,DAMAC ISLANDS - MALDIVES 5,2035,DAMAC ELITE INVESTMENT CO. L.L.C,2025-04-21 00:00:00,2028-12-31 00:00:00,2025-02-05 00:00:00,Normal,140444572,205892602937.0,ACTIVE,0.54,2025-06-30 14:14:39,,"Project consists of 155 Nos of B+G+2, G+2 and G+1 Townhouses and Villas located in Al Yalayis 1, Dubai. The units are designed to have a concrete structure and block with internal and external finishes.",Al Yelayiss 1,Dubai Development Authority (DDA),11.0,0.0,144.0,0.0,
3503,DISTRIKT,1441,MAJID AL FUTTAIM GHAF WOODS L.L.C,2025-08-01 00:00:00,2028-09-30 00:00:00,2025-05-22 11:17:46,Normal,643351000,205872406713.0,ACTIVE,0.0,2025-01-13 14:50:13,,The Project contains four buildings shared on ground and 2 podium floors ,Wadi Al Safa 4,Dubai Development Authority (DDA),0.0,0.0,0.0,550.0,
3504,Binghatti Skyhall,1051,Binghatti Developers FZE,2025-02-01 00:00:00,2026-08-31 00:00:00,2025-03-17 13:58:32,Normal,385000000,9009226759924002.0,ACTIVE,0.0,2025-01-14 14:41:52,,3B + G + 3P + 29 RESIDENTIAL FLOORS + 1MECH. + ROOF,Business Bay,Dubai Development Authority (DDA),0.0,0.0,0.0,728.0,
3505,DAMAC ISLANDS - FIJI 1,2035,DAMAC ELITE INVESTMENT CO. L.L.C,2025-04-21 00:00:00,2028-12-31 00:00:00,2025-02-05 11:05:30,Normal,154987488,205892602935.0,ACTIVE,0.25,2025-06-30 14:07:44,,"Project consists of 398 Nos of G+2 and G+1 Townhouses and Villas located in Al Yalayis 1, Dubai. The units are designed to have a concrete structure and block with internal and external finishes.",Al Yelayiss 1,Dubai Development Authority (DDA),0.0,0.0,398.0,0.0,
3506,Rose Gardens 1,2093,ROZ REAL ESTATE DEVELOPMENT L.L.C,2025-01-24 00:00:00,2026-07-23 00:00:00,2025-04-04 13:05:54,Normal,72000000,205915669005.0,ACTIVE,2.15,2025-07-07 14:46:39,,"G+1P+8F+R,Residential Building. The project designed to have a concrete structure and block with internal and external finishes.
",Al Satwa,Dubai Development Authority (DDA),0.0,0.0,0.0,166.0,
3507,DAMAC ISLANDS - FIJI 2,2035,DAMAC ELITE INVESTMENT CO. L.L.C,2025-04-21 00:00:00,2028-12-31 00:00:00,2025-02-05 11:46:08,Normal,165457594,205892602931.0,ACTIVE,0.59,2025-06-30 14:09:41,,"Project consists of 400 Nos of G+2 and G+1 Townhouses and Villas located in Al Yalayis 1, Dubai. The units are designed to have a concrete structure and block with internal and external finishes.",Al Yelayiss 1,Dubai Development Authority (DDA),0.0,0.0,400.0,0.0,
3508,RAFFI BY AZIZI,1002,AZIZI DEVELOPMENTS L.L.C,2025-01-15 00:00:00,2028-01-15 00:00:00,2025-04-07 14:08:14,Normal,46527000,10174999920256.0,ACTIVE,0.0,2025-01-16 15:58:03,,2B+G+2P+8+R+Top Roof,Jabal Ali First,Trakhees,0.0,0.0,0.0,171.0,
3510,Arian By Azizi ,1002,AZIZI DEVELOPMENTS L.L.C,2025-01-16 00:00:00,2028-01-16 00:00:00,2025-03-24 12:24:03,Normal,82550000,10174999920254.0,ACTIVE,0.0,2025-01-16 16:24:06,,3B+G+M+5P+15+R+Roof Top,Jabal Ali Industrial Second,Trakhees,0.0,0.0,0.0,555.0,
3511,Celeste Heights by Zimaya Properties,1718,ZIMAYA PROPERTIES LLC,2025-05-01 00:00:00,2027-09-30 00:00:00,2025-02-18 14:11:55,Normal,45000000,19500000737.0,ACTIVE,2.94,2025-07-07 17:42:27,,Ground + 2 podium + 8 floors,Jabal Ali First,Trakhees,0.0,0.0,0.0,69.0,
3512,BELGRAVIA GARDENS,1986,ELLINGTON KARMA DEVELOPERS L.L.C,2025-01-31 00:00:00,2028-09-30 00:00:00,2025-05-19 14:26:25,Normal,450000000,200842608.0,ACTIVE,0.0,2025-01-27 13:52:21,,4  Buildings (B+G+6) ; 1 Building ( B+G+1),Wadi Al Safa 2,Dubai Development Authority (DDA),0.0,0.0,0.0,743.0,
3513,Sola Residences,2135,SOLA RESIDENCES REAL ESTATE DEVELOPMENT L.L.C,2025-03-15 00:00:00,2027-09-15 00:00:00,2025-02-05 10:54:59,Normal,60000000,3538490928102.0,ACTIVE,0.0,2025-01-20 11:22:38,,G+1P+12+R,Jabal Ali First,Dubai Municipality,0.0,0.0,0.0,260.0,
3514,Greenspoint,1155,EMAAR DUBAI SOUTH DWC LLC,2025-01-30 00:00:00,2029-03-31 00:00:00,2025-01-28 16:03:18,Normal,225863649,4031226131257004.0,ACTIVE,1.35,2025-07-09 11:27:51,,"Freehold G+1 Townhouses consisting of 98 nos. of 3 Bedroom and 98 nos. of 4 Bedroom
",Madinat Al Mataar,Dubai South,0.0,0.0,196.0,0.0,
3515,Westar Altair,1501,WESTAR PROPERTIES L.L.C,2025-03-01 00:00:00,2027-05-31 00:00:00,2025-04-03 10:44:11,Normal,25000000,205898348802.0,ACTIVE,10.42,2025-08-01 11:25:53,,Residential Building of B + 4 +R in Dubai South.,Madinat Al Mataar,Dubai South,0.0,0.0,0.0,56.0,
3516,Amaya Residences,2144,POLYGON REAL ESTATE DEVELOPMENT L.L.C,2025-03-01 00:00:00,2027-03-01 00:00:00,2025-05-16 17:26:15,Normal,52000000,19413513.0,ACTIVE,0.0,2025-01-28 13:51:41,,Residential Building (B+G+2P+12 Typical Floor +R) with Retail @ GF+ Swimming pool with entertainment area @ First Floor,Jabal Ali First,,0.0,0.0,0.0,78.0,
3517,Rosewood Residences Dubai ,2165,AGARWOOD PROPERTIES L.L.C,2025-10-06 00:00:00,2028-12-31 00:00:00,2025-02-21 14:45:03,Normal,150000000,205908387502.0,ACTIVE,0.0,2025-01-20 14:30:49,,"5 Residential villas
 with 4 levels (5 Bedrooms each Gym and Wellness facilities Swimming pool and terraces
Basement (6 carpark spaces) with turntable and car lift Entertainment Room",Jumeirah Second,Dubai Municipality,0.0,0.0,5.0,0.0,
3518,Wellington Grand Villas,2077,MBR MANSIONS REAL ESTATE DEVELOPMENT L.L.C,2025-03-25 00:00:00,2028-01-24 00:00:00,2025-05-29 12:44:27,Normal,100000000,200832816.0,ACTIVE,0.0,2025-01-20 13:46:08,,22 nos. of Residential Villa having basement + Ground + 1st Floor + 2nd Floor + Roof Top + Amenities.,Wadi Al Safa 3,Dubai Municipality,0.0,0.0,22.0,0.0,
3521,West 5 Residences,1653,WEST F 5 DEVELOPMENT L.L.C,2025-04-15 00:00:00,2027-04-14 00:00:00,2025-04-21 16:29:23,Normal,81000000,3538489459503.0,ACTIVE,0.0,2025-01-22 13:46:42,,G + 2  Parking + 8 Floors + Roof,Al Satwa,Dubai Development Authority (DDA),0.0,0.0,0.0,129.0,
3522,Casa Aura Residence,2130,A G N SKYLINE REAL ESTATE DEVELOPMENTS L.L.C,2025-05-12 00:00:00,2027-09-12 00:00:00,2025-06-11 00:00:00,Normal,17600000,200847931.0,ACTIVE,0.0,2025-01-22 10:07:14,,G+4,Madinat Al Mataar,Dubai South,0.0,0.0,0.0,58.0,
3523,Expo City Al Waha Residences 01,2197,EXPO CITY AL WAHA RESIDENCES DEVELOPMENT FZCO,2025-05-01 00:00:00,2027-06-15 00:00:00,2025-02-10 00:00:00,Normal,251261332,205913059802.0,ACTIVE,46.68,2025-05-14 09:46:33,,"A full basement level constructed over the entire project footprint, along with three buildings comprising Ground Floor + First Floor + Roof: (Al Waha 03, Al Waha 10, Al Waha 20), seventeen buildings comprising Ground Floor + Two Floors + Roof: (Al Waha 01, Al Waha 02, Al Waha 04, Al Waha 05, Al Waha 06, Al Waha 07, Al Waha 08, Al Waha 09, Al Waha 11, Al Waha 12, Al Waha 13, Al Waha 14, Al Waha 15, Al Waha 16, Al Waha 17, Al Waha 18, Al Waha 19) & One building comprising Ground Floor + Three Floors + Roof: (Al Waha 21), 
This brings the total number of buildings to 21, with a total of 284 residential units and 4 commercial spaces. 
",Madinat Al Mataar,Dubai Municipality,0.0,0.0,0.0,288.0,
3524,CAPRIA EAST ,1441,MAJID AL FUTTAIM GHAF WOODS L.L.C,2025-09-15 00:00:00,2029-05-15 00:00:00,2025-03-20 11:38:22,Normal,760000000,205872406711.0,ACTIVE,0.0,2025-01-21 16:56:25,,"Residential Development (9 Residential Buildings, 3 Amenities blocks) with shared basement ",Wadi Al Safa 4,Dubai Development Authority (DDA),0.0,0.0,0.0,553.0,
3525,CAPRIA WEST,1441,MAJID AL FUTTAIM GHAF WOODS L.L.C,2025-08-15 00:00:00,2029-05-08 00:00:00,2025-02-26 14:39:16,Normal,950000000,205872406709.0,ACTIVE,0.0,2025-01-21 17:56:27,,"Residential Development (12 Residential Buildings, 3 Amenities blocks) with shared basement ",Wadi Al Safa 4,Dubai Development Authority (DDA),0.0,0.0,0.0,714.0,
3526,Jumeirah Residences - Asora Bay - Ocean Mansions,1510,DHRE 2 BTS L.L.C,2025-05-02 00:00:00,2029-03-31 00:00:00,2025-02-18 14:11:28,Normal,320000000,10497411920043.0,ACTIVE,0.32,2025-07-29 09:49:31,,Residential Project consists of 6no. Luxury Residential Villas (B+G+2) ,Jumeirah First,Dubai Development Authority (DDA),0.0,0.0,6.0,0.0,
3527,Celeste,1669,HRE REAL ESTATE DEVELOPMENT L.L.C,2025-02-01 00:00:00,2027-02-28 00:00:00,2025-02-18 13:02:42,Normal,35000000,12157179009.0,ACTIVE,0.0,2025-01-21 21:47:03,,Residential Building (3B+G+7 floor +R),Al Jadaf,Dubai Development Authority (DDA),0.0,0.0,0.0,66.0,
3528,15 CASCADE,1178,IMAN DEVELOPERS L.L.C,2025-03-30 00:00:00,2028-09-30 00:00:00,2025-06-17 14:01:07,Normal,110728548,205302400822.0,ACTIVE,0.0,2025-01-23 19:18:22,,PROPOSED 2B+G+15 STOREY RESIDENTIAL & COMMERCIAL BUILDING ON PLOT NO. 6740199 AT AL HEBIAH FIRST DUBAI,Al Hebiah First,Dubai Development Authority (DDA),0.0,0.0,0.0,440.0,
3529,Azizi Ruby ,1002,AZIZI DEVELOPMENTS L.L.C,2025-01-23 00:00:00,2028-01-23 00:00:00,2025-03-18 20:31:43,Normal,41100000,10174999920252.0,ACTIVE,0.0,2025-01-23 16:08:37,,PROPOSED BUILDING 3B+G+4P+14+R+Roof Top  RESIDENTIAL & RETAIL BUILDING,Al Barsha South Fourth,Trakhees,0.0,0.0,0.0,264.0,
3530,City Walk Crestlane 2,1109,CITYWALK RESIDENTIAL 1 L.L.C,2025-04-16 00:00:00,2028-12-10 00:00:00,2025-02-06 11:25:08,Normal,347143600,10502351920024.0,ACTIVE,0.0,2025-07-29 18:18:42,,"The project is a standard residential apartment located at Citywalk. It introduces one level shared basement and ground with 2 retail units directly accessed from the building fa?ade adjoining the main lobby:
Building A: B+G+12+R: comprising 116 units, and
Building B: B+G+11+R: comprising 85 units each. In total, the residences include 201 apartments, which offer a mix of unit types: 1-bedroom, 2-bedroom, 3-bedroom, 4-bedroom, and 4-bedroom duplex apartments.
",Al Wasl,Dubai Development Authority (DDA),0.0,0.0,0.0,203.0,
3531,City Walk Crestlane 3,1109,CITYWALK RESIDENTIAL 1 L.L.C,2025-04-16 00:00:00,2028-12-10 00:00:00,2025-02-06 13:11:57,Normal,331459900,10502351920026.0,ACTIVE,0.0,2025-07-29 18:23:53,,"The project is a standard residential apartment located at Citywalk. It introduces a one level shared basement and ground with 2 retails directly accessed from the building facade adjoining the main lobby, 
Building A: B+G+11+R: comprising 112 units, and
Building B: B+G+10+R: comprising 81 units each. In total, the residences include 193 apartments, which offer a mix of unit types: 1-bedroom, 2-bedroom, 3-bedroom, 4-bedroom, and 4-bedroom duplex apartments.
",Al Wasl,Dubai Development Authority (DDA),0.0,0.0,0.0,195.0,
3532,Naya 2 At District One,956,District One - FZ,2025-04-13 00:00:00,2025-09-30 00:00:00,,Normal,716526999,,PENDING,0.0,2025-01-24 18:26:10,,"NAYA 2 at District One is designed with 3 residential towers on a single plot with a common podium including the amenities (no basements). 
Total no of residentials units is 546. The details of the buildings are as follows:
NAYA 04 - G+17+R ? 161 units 
NAYA 05 - G+24+ R ? 214 units
NAYA 06 - G+18+R ? 167 units
Lagoon Villas ? G+1+ R ? 4units 
",Al Merkadh,,1.0,0.0,0.0,0.0,
3533,Binghatti Ruby,1051,Binghatti Developers FZE,2025-01-01 00:00:00,2026-02-28 00:00:00,2025-04-07 15:36:39,Normal,275000000,12918620778.0,ACTIVE,0.0,2025-01-31 14:32:55,,UB+B + G + 4P +2 Office+ 18 RESIDENTIAL FLOORS + ROOF,Al Barsha South Fourth,Trakhees,0.0,0.0,0.0,628.0,
3534,Vida Residences Hillside,984,DUBAI HILLS ESTATE L.L.C,2025-06-30 00:00:00,2029-05-31 00:00:00,2025-02-11 16:09:49,Normal,508687304,3537351120013.0,ACTIVE,0.57,2025-08-29 11:52:43,,"Basement + Ground Floor + Podium + 2 Residential Buildings + 8 Townhuoses G + 1, 
Tower A: B+G+P+20 floors 184 Residential Units
Tower B: B+G+P+19 floors 308 Residential Units
Townhouses: G+1 8 Residential Units 
",Hadaeq Sheikh Mohammed Bin Rashid,Dubai Development Authority (DDA),0.0,0.0,0.0,500.0,
3535,ANANDA RESIDENCES,581,TIGER PROPERTIES,2025-02-01 00:00:00,2028-05-31 00:00:00,2025-09-24 14:26:09,Normal,540000000,4031225724912017.0,ACTIVE,0.0,2025-01-31 14:14:08,,"Building 1 (Block A): G+53F+2MECH+R
Building 2 ( Block B): G+53F+2MECH+R
Shared Basement: 1B+G+R",Al Hebiah First,Dubai Development Authority (DDA),0.0,0.0,0.0,1027.0,
3536,Whitestone Residence,1763,AXIOM PRIME REAL ESTATE DEVELOPMENT L.L.C,2025-06-01 00:00:00,2026-10-31 00:00:00,2025-06-26 09:37:56,Normal,20000000,19000090000.0,ACTIVE,0.0,2025-02-12 11:00:45,,G+2P+8+R,Al Satwa,Dubai Development Authority (DDA),0.0,0.0,0.0,46.0,
3540,The Element at Sobha One,966,SOBHA L.L.C,2025-05-01 00:00:00,2029-12-31 00:00:00,2025-03-17 12:34:04,Normal,501538725,1011224613244012.0,ACTIVE,0.0,2025-02-25 10:46:20,,"Proposed Basement + Ground + 67 Floors + Roof, Commercial and Residential Development",Ras Al Khor Industrial First,Dubai Municipality,0.0,0.0,0.0,401.0,
3541,Bhuvi Residence,2192,BRAVIMA REAL ESTATE DEVELOPMENT L.L.C,2025-01-15 00:00:00,2026-12-15 00:00:00,2025-05-05 14:45:10,Normal,20000000,90010200035328.0,ACTIVE,0.0,2025-02-05 11:08:45,,G+4F+R,Madinat Al Mataar,Dubai South,0.0,0.0,0.0,70.0,
3542,MAG 888,1164,MAG PROPERTY DEVELOPMENT L.L.C,2025-03-01 00:00:00,2028-03-31 00:00:00,,Normal,327000000,,CANCELLED,,,,Commercial and Residential Building 2B+G+M+3P+40+2Mech+Roof,Burj Khalifa,,,,,,
3543,VERDANIA 1,1894,OBJ1 REAL ESTATE DEVELOPMENT L.L.C,2025-03-25 00:00:00,2027-03-30 00:00:00,2025-06-04 12:21:16,Normal,36000000,19438427.0,ACTIVE,3.02,2025-07-24 11:53:46,,2B+G+11+R Residential Building,Wadi Al Safa 5,Dubai Development Authority (DDA),0.0,0.0,0.0,208.0,
3544,Coastal Haven by Prestige Harbour Real Estate Development ,2073,PRESTIGE HARBOUR REAL ESTATE DEVELOPMENT L.L.C,2025-07-01 00:00:00,2027-11-30 00:00:00,2025-02-13 15:05:29,Normal,30000000,3538491084803.0,ACTIVE,0.0,2025-01-30 19:38:04,,G+2P+12+ROOF,Palm Deira,Trakhees,0.0,0.0,0.0,73.0,
3547,Woodland Crest,1753,A M I S REAL ESTATE DEVELOPMENT L.L.C,2025-07-01 00:00:00,2027-06-30 00:00:00,2025-04-02 11:05:14,Normal,19170000,13253198920006.0,ACTIVE,0.0,2025-02-22 10:33:50,,B+G+5+Roof-Mixed Use,Nad Al Shiba First,Dubai Municipality,0.0,0.0,0.0,52.0,
3548,Peninsula Dubai Residences - Tower 2,1499,DUBAI PENINSULA L.L.C,2025-03-03 00:00:00,2029-01-08 00:00:00,2025-04-10 15:04:16,Normal,850000000,205821503204.0,ACTIVE,0.15,2025-07-03 11:14:30,,"C:(2B+G+P1+L1 to L37+R) with Total 54 Units 
D:(2B+G+P1+L1 to L28+R) with Total 44 Units 

",Jumeirah Second,Dubai Municipality,0.0,0.0,0.0,102.0,
3550,Lume Residences,1615,S AND S REAL ESTATE DEVELOPMENT L.L.C,2025-06-30 00:00:00,2027-09-30 00:00:00,2025-04-23 09:50:59,Normal,65000000,12234611007.0,ACTIVE,0.38,2025-09-25 09:42:43,,Retail And Residential Building (G+5P+14F+R),Al Barsha South Fourth,Trakhees,0.0,0.0,0.0,182.0,
3551,Avenue Residence 8,2189,NABNI ALMUSTAQBAL PROPERTIES DEVELOPMENT L.L.C,2025-04-01 00:00:00,2028-06-30 00:00:00,2025-03-13 10:23:52,Normal,63000000,405913832602.0,ACTIVE,0.0,2025-02-07 15:47:40,,Ground + parking + 10 floors + Roof,Jabal Ali First,Trakhees,0.0,0.0,0.0,104.0,
3552,Binghatti Amberhall,1051,Binghatti Developers FZE,2025-02-15 00:00:00,2026-02-28 00:00:00,2025-03-03 10:53:59,Normal,335000000,9134025839065.0,ACTIVE,0.0,2025-02-10 11:32:35,,3B + G + 3P + 13 RESIDENTIAL FLOORS + ROOF,Al Barsha South Fourth,Trakhees,0.0,0.0,0.0,1157.0,
3553,Chelsea Gardens,2193,ALAIA DEVELOPMENTS L.L.C,2025-03-01 00:00:00,2027-02-28 00:00:00,2025-04-04 14:33:50,Normal,22000000,19500000748.0,ACTIVE,0.0,2025-02-05 17:10:06,,Residential Building (G+2P+8+ROOF),Al Satwa,Dubai Development Authority (DDA),0.0,0.0,0.0,59.0,
3554,Lumiere Heights,1907,A J G JADDAF REAL ESTATE DEVELOPMENT L.L.C,2025-04-01 00:00:00,2027-06-30 00:00:00,2025-03-10 10:30:10,Normal,50000000.0,1582165095201.0,ACTIVE,0.0,2025-06-02 11:08:49,,"3B+G+8F+R,The project designed to have a concrete structure and block with internal and external finishes.",Al Jadaf,Dubai Development Authority (DDA),0,0.0,0.0,124.0,
3555,LEVEN RESIDENCES,1283,METRICAL REAL ESTATE DEVELOPMENT L.L.C,2025-04-01 00:00:00,2027-11-15 00:00:00,2025-04-29 10:27:01,Normal,92500000.0,11929596920008.0,ACTIVE,0.0,2025-02-11 09:53:24,,Residential Building ( G+4P+19+R ),Al Barsha South Fifth,Trakhees,0,0.0,0.0,228.0,
3556,Trussardi Residences 2,1445,M I R A DEVELOPMENTS L.L.C,2025-06-01 00:00:00,2027-07-03 00:00:00,2025-03-04 14:06:34,Normal,239219650.0,3538470562404.0,ACTIVE,0.0,2025-02-11 18:41:33,,Mixed Use - 2 towers - G+2P+10+ROOF,Jabal Ali First,Trakhees,0,0.0,0.0,390.0,
3557,THE ELYSIAN,1934,NEW M F O U R REAL ESTATE DEVELOPMENT L.L.C,2025-04-01 00:00:00,2027-08-31 00:00:00,2025-08-19 10:22:58,Normal,35594500.0,200862862.0,ACTIVE,0.0,2025-02-12 12:22:37,,G+2P+8Floors+R Residential Buildings,Al Satwa,,0,0.0,0.0,84.0,
3558,Greenspoint 2,1155,EMAAR DUBAI SOUTH DWC LLC,2025-01-30 00:00:00,2029-03-31 00:00:00,2025-02-14 09:49:10,Normal,285236351.0,11134281920035.0,ACTIVE,0.0,2025-02-10 15:46:51,,"Freehold G+1 Townhouses consisting of 122 nos. of 3Bedroom and 122 nos. of 4Bedroom
",Madinat Al Mataar,Dubai South,0,0.0,244.0,0.0,
3559,Timez By Danube,1009,DANUBE PROPERTIES DEVELOPMENT L.L.C,2025-04-01 00:00:00,2028-07-31 00:00:00,2025-02-13 00:00:00,Normal,562015913.0,200829193.0,ACTIVE,1.18,2025-06-24 18:52:44,,"A multi-use building (1 basements + ground floor + 3 platforms + 38 floors + roof) on plot No. 095-25 in Dubai Silicon Oasis, Dubai, United Arab Emirates ",Nadd Hessa,Dubai Silicon Oasis Authority,0,0.0,0.0,1153.0,
3560,Zyra Vista Residences ,2127,LARAIX DEVELOPERS L.L.C,2025-04-05 00:00:00,2027-03-31 00:00:00,2025-04-25 10:32:30,Normal,15000000.0,200835372.0,ACTIVE,0.0,2025-03-20 19:07:54,,Residential Building(B+G+6Floors+Roof),Warsan Fourth,Trakhees,0,0.0,0.0,51.0,
3562,Al Haseen Residence 4,1157,DUGASTA PROPERTIES DEVELOPMENT L.L.C,2025-06-29 00:00:00,2026-12-30 00:00:00,2025-04-04 09:27:49,Normal,50000000.0,205771071202.0,ACTIVE,0.0,2025-02-12 08:52:28,,B+G+5+R,Saih Shuaib 2,Dubai Development Authority (DDA),0,0.0,0.0,248.0,
3563,WASL BY AZIZI ,1002,AZIZI DEVELOPMENTS L.L.C,2025-02-12 00:00:00,2028-02-12 00:00:00,2025-04-08 11:10:07,Normal,84600000.0,1009857309.0,ACTIVE,0.0,2025-02-17 15:29:45,,Proposed 3B+G+13+R - Hotel APARTMENT BUILDING,Palm Deira,Trakhees,0,0.0,0.0,227.0,
3564,Kensington Gardens,1494,LEOS DEVELOPMENT L.L.C,2025-06-25 00:00:00,2027-09-27 00:00:00,2025-07-14 10:40:30,Normal,120000000.0,3718466221506.0,ACTIVE,0.0,2025-02-12 16:57:26,,"Kensington Gardens transforms luxury living in Dubai with its petal-inspired design, blending organic elegance with modern opulence. Inspired by Tuscany?s famed hot springs, it features an infinity sky beach, cascading jacuzzis, and world-class amenities, offering 294 exclusive residences, including sky villas. All units includes private pools, for a truly sophisticated lifestyle.

Kensington Gardens enjoys a prime location with excellent accessibility to Dubai's major highways, E311 and E611, offering seamless connections to key destinations such as Downtown Dubai, Dubai Marina, and both city airports. With the addition of the new metro line, residents benefit from effortless connectivity to Dubai's prime locations, making Dubailand a top choice for modern urban living.",Wadi Al Safa 5,Dubai Development Authority (DDA),0,0.0,0.0,361.0,
3566,Azizi Emerald ,1002,AZIZI DEVELOPMENTS L.L.C,2025-02-13 00:00:00,2028-02-13 00:00:00,2025-04-07 14:04:18,Normal,46500000.0,1009857234.0,ACTIVE,0.0,2025-02-14 09:13:24,,"Proposed 3B+G+4P+11+R offices building with retail

",Um Hurair Second,Dubai Development Authority (DDA),0,0.0,0.0,102.0,
3567,Expo City Al Waha Residences 02,2197,EXPO CITY AL WAHA RESIDENCES DEVELOPMENT FZCO,2025-07-01 00:00:00,2027-06-30 00:00:00,2025-02-27 00:00:00,Normal,243424660.0,205913059804.0,ACTIVE,48.21,2025-05-14 09:48:30,,"A full basement level constructed over the entire project footprint, along with three buildings comprising Ground Floor + First Floor + Roof: (Al Waha 27, Al Waha 31, Al Waha 38, & Al Waha 40), sixteen buildings comprising Ground Floor + Two Floors + Roof: (Al Waha 22, Al Waha 23, Al Waha 24, Al Waha 25, Al Waha 26, Al Waha 28, Al Waha 29, Al Waha 30, Al Waha 32, Al Waha 33, Al Waha 34, Al Waha 35, Al Waha 36, Al Waha 37, Al Waha 39, & Al Waha 41) & One building comprising Ground Floor + Three Floors + Roof: (Al Waha 42). 
This brings the total number of buildings to 21, with a total of 284 residential units and 4 commercial spaces. 
",Madinat Al Mataar,Dubai Municipality,0,0.0,0.0,280.0,
3568,LUXURY CANAL RESIDENCES,2073,PRESTIGE HARBOUR REAL ESTATE DEVELOPMENT L.L.C,2025-07-01 00:00:00,2027-11-30 00:00:00,2025-03-10 12:45:28,Normal,30000000.0,3538491084806.0,ACTIVE,0.0,2025-02-14 13:57:31,,G+2P+12+Roof,Palm Deira,Trakhees,0,0.0,0.0,73.0,
3569,MAG 11,1970,MAG W5 PROPERTY DEVELOPMENT L.L.C,2025-06-01 00:00:00,2028-07-26 00:00:00,,Normal,751346101.0,,PENDING,0.0,2025-02-14 16:48:50,,7 residential buildings ( GF+ P+7+R),Wadi Al Safa 3,,0,0.0,0.0,990.0,
3570,Sunset Bay Two By Imtiaz,1129,IMTIAZ REAL ESTATE INVESTMENT & DEVELOPMENT L.L.C,2025-02-20 00:00:00,2027-02-20 00:00:00,2025-02-28 11:51:43,Normal,32012251.0,1011225608110046.0,ACTIVE,9.85,2025-09-09 11:08:15,,G+2P+8+R ,Palm Deira,Trakhees,0,0.0,0.0,66.0,
3571,The Willows Residences,2185,SCC VERTEX PROPERTY L.L.C,2025-10-01 00:00:00,2027-06-30 00:00:00,2025-05-15 14:16:49,Normal,18000000.0,12019069387.0,ACTIVE,0.0,2025-04-24 14:27:36,,The Willows Residences is a 6 floor building with a basement. It has 54 apartments and 7 world class amenities. The apartment building focusses on exclusivity and premium aspects. ,Wadi Al Safa 3,Dubai Municipality,0,0.0,0.0,56.0,
3572,Celestara Residences,2014,ALDHANA REAL ESTATE DEVELOPMENT L.L.C,2025-05-20 00:00:00,2028-05-19 00:00:00,2025-06-19 11:53:07,Normal,40000000.0,3003199100000002.0,ACTIVE,0.0,2025-03-12 10:04:53,,G+5P+13Floors,Al Barsha South Fourth,Trakhees,0,0.0,0.0,121.0,
3573,Selora Residences,1727,SWANK REAL ESTATE DEVELOPMENT L.L.C,2025-05-30 00:00:00,2027-04-30 00:00:00,2025-04-08 13:49:26,Normal,50250000.0,3718467862005.0,ACTIVE,0.0,2025-02-25 12:13:04,,G+2 MASTER PLAN COMMUNITY OF 30 VILLAS. The project designed to have a concrete structure and block with internal and external finishes.,Wadi Al Safa 3,Dubai Municipality,0,0.0,30.0,0.0,
3574,Bottega Nove,1458,AL ANDALUS COURT YARD REAL ESTATE DEVELOPMENT L.L.C,2025-02-25 00:00:00,2026-10-24 00:00:00,,Normal,63880000.0,,ACTIVE,0.0,2025-03-03 14:16:00,,Residential and Commercial Building G+P+9FLRS+ROOF,Wadi Al Safa 3,,0,0.0,0.0,60.0,
3575,KYOMI RESIDENCE,1455,ANAX DEVELOPMENTS L.L.C,2025-02-01 00:00:00,2027-02-01 00:00:00,,Normal,20000000.0,,PENDING,0.0,2025-02-19 21:13:40,,Mixed Used Building (G+1P+6),Warsan Fourth,,1,0.0,0.0,0.0,
3576,VERDANIA 2,1894,OBJ1 REAL ESTATE DEVELOPMENT L.L.C,2025-06-04 00:00:00,2027-03-30 00:00:00,2025-06-12 15:42:45,Normal,36000000.0,19428092.0,ACTIVE,0.12,2025-07-24 11:48:37,,B+G+11+R Residential Building,Wadi Al Safa 5,Dubai Development Authority (DDA),0,0.0,0.0,108.0,
3577,Sensia,1876,SENSIA LAND REAL ESTATE DEVELOPMENT LLC,2025-09-30 00:00:00,2029-03-30 00:00:00,2025-02-28 12:13:10,Normal,217000000.0,205909074502.0,ACTIVE,0.06,2025-07-27 14:13:51,,"Mixed use (Residential-Retail), UG+G+3P+HC+34 Residential floors+R.The project designed to have a concrete structure and block with internal and external finishes.",Madinat Dubai Almelaheyah,Trakhees,0,0.0,0.0,276.0,
3578,Golf Verge,1155,EMAAR DUBAI SOUTH DWC LLC,2025-08-20 00:00:00,2029-05-31 00:00:00,2025-03-07 11:53:09,Normal,230714198.0,19000088178.0,ACTIVE,0.0,2025-02-21 11:09:08,,"Residential Building Ground + Shared Podium + building 12 floor & building 9 floor
",Madinat Al Mataar,Dubai South,0,0.0,0.0,204.0,
3579,Golf Meadow,1155,EMAAR DUBAI SOUTH DWC LLC,2025-08-20 00:00:00,2029-07-31 00:00:00,2025-03-07 12:05:46,Normal,209493058.0,19000088174.0,ACTIVE,0.0,2025-02-21 11:05:46,,"G+P+15 Floors Residential Building 
",Madinat Al Mataar,Dubai South,0,0.0,0.0,224.0,
3580,The Oasis - Address Villas - Tierra,1211,EMAAR DEVELOPMENT P.J.S.C.,2025-05-07 00:00:00,2029-06-30 00:00:00,2025-03-04 13:35:34,Normal,2800504530.0,3538215410316.0,ACTIVE,0.0,2025-02-22 15:12:03,,"Residential development consisting of 487 villas (B+G+2)
",Me'Aisem Second,Dubai Municipality,0,0.0,487.0,0.0,
3581,The Oasis - Palace Villas - Ostra,1211,EMAAR DEVELOPMENT P.J.S.C.,2025-08-05 00:00:00,2029-09-30 00:00:00,2025-03-06 11:42:24,Normal,3033696240.0,4031221997653051.0,ACTIVE,0.28,2025-08-29 17:26:46,,"Residential development consisting of 526 villas (B+G+2)
",Me'Aisem Second,Dubai Municipality,0,0.0,526.0,0.0,
3584,Nexara Tower,2029,SEVENTH KEY GATEWAY REAL ESTATE DEVELOPMENT L.L.C,2025-04-15 00:00:00,2028-04-16 00:00:00,2025-06-23 13:06:23,Normal,80000000.0,1001168010000002.0,ACTIVE,0.0,2025-04-22 10:45:24,,Mix Use Building (G+4P+34+ROOF),Al Barsha South Fourth,Trakhees,0,0.0,0.0,187.0,
3585,Binghatti Aquarise,1051,Binghatti Developers FZE,2025-03-15 00:00:00,2026-10-31 00:00:00,2025-04-16 15:40:05,Normal,1395123011.0,9009226759924004.0,ACTIVE,0.0,2025-02-25 11:13:08,,3B + G + MEZZ.+ 25 RESIDENTIAL FLOORS + MECH+ ROOF,Business Bay,Dubai Development Authority (DDA),0,0.0,0.0,1584.0,
3586,The Acres 2 & Estates 2,1510,DHRE 2 BTS L.L.C,2025-05-03 00:00:00,2028-05-03 00:00:00,2025-03-13 12:51:39,Normal,980770000.0,205823036005.0,ACTIVE,0.6,2025-08-22 18:56:41,,"Residential project consists of 266 Villas (G+1, G+2) 3, 4, 5, 6 & 7 Bedrooms Villas 
U+A: G+1 = 89 Villas, and G+2 = 124 Villas 

LOCI: G+1 = 46 Villas, and G+2 = 7 Villas 
",Wadi Al Safa 7,Dubai Development Authority (DDA),0,0.0,266.0,0.0,
3587,Rabdan Gates,1533,RABDAN REAL ESTATE DEVELOPMENT L.L.C,2025-06-01 00:00:00,2028-06-30 00:00:00,2025-06-02 12:26:42,Normal,200000000.0,3001748107000.0,ACTIVE,0.0,2025-09-02 13:52:04,,"3B+G+3P+22+R Mixed-/use Residential & Retail Building, 437 Residential units + 8 retail units= 445 units",Wadi Al Safa 3,Dubai Development Authority (DDA),0,0.0,0.0,445.0,
3589,CASA AHS,1865,AHS CANAL THREE DEVELOPMENT L.L.C,2025-06-01 00:00:00,2027-05-31 00:00:00,2025-04-08 11:31:55,Normal,100000000.0,205748825703.0,ACTIVE,1.95,2025-02-27 09:36:32,,Project consists of 3B + G + 16 building comprising of residential units. it is designed to have a concrete structure and block with internal and external finishes,Al Wasl,Dubai Municipality,0,0.0,0.0,33.0,
3591,Golden Woods Albab Views,2246,A G W REAL ESTATE DEVELOPMENT L.L.C,2025-03-01 00:00:00,2027-02-28 00:00:00,2025-05-30 09:34:39,Normal,28000000.0,19435520.0,ACTIVE,0.0,2025-02-27 19:04:10,,G+4+R Residential Building,Madinat Al Mataar,Dubai South,0,0.0,0.0,132.0,
3592,Symphony by Chaimaa,1166,DEVAL REAL ESTATE DEVELOPMENT L.L.C,2025-05-01 00:00:00,2026-11-01 00:00:00,,Normal,40742100.0,10489852820012.0,PENDING,0.0,2025-02-27 16:31:45,,"PROPOSED RESIDENTIAL WITH RETAILB2 LOW LEVEL+B2 HIGH LEVEL
+B1+G+8+TECHNICAL+H.CLUB FLOOR
",Wadi Al Safa 3,,0,0.0,0.0,71.0,
3593,D Villas,2043,DAR DG GLOBAL PROPERTIES L.L.C,2025-07-31 00:00:00,2028-12-31 00:00:00,2025-04-03 00:00:00,Normal,270000000.0,14041024920004.0,ACTIVE,0.0,2025-02-27 19:48:36,,"The project comprises 198 high-end luxury townhouses and associated amenities, strategically located adjacent to the prestigious Jumeirah Golf Estates (JGE) Community. The primary objective of the development is to seamlessly integrate urban sophistication with natural tranquility.
The project spans a 99,130 m? plot, encompassing 198 residential units. The development is planned across three designated parcels (6850656, 6850657, and 6850658) within the Jumeirah Golf Estates area, as illustrated in the location plan",Me'Aisem First,,0,0.0,198.0,0.0,
3593,D Villas,2043,DAR DG GLOBAL PROPERTIES L.L.C,2025-07-31 00:00:00,2028-12-31 00:00:00,2025-04-03 00:00:00,Normal,270000000.0,14041024920004.0,ACTIVE,0.0,2025-02-27 19:48:36,,"The project comprises 198 high-end luxury townhouses and associated amenities, strategically located adjacent to the prestigious Jumeirah Golf Estates (JGE) Community. The primary objective of the development is to seamlessly integrate urban sophistication with natural tranquility.
The project spans a 99,130 m? plot, encompassing 198 residential units. The development is planned across three designated parcels (6850656, 6850657, and 6850658) within the Jumeirah Golf Estates area, as illustrated in the location plan",Me'Aisem First,Trakhees,0,0.0,198.0,0.0,
3594,THE HILLGATE,1117,ELLINGTON PROPERTIES DEVELOPMENT L.L.C,2025-03-03 00:00:00,2028-06-30 00:00:00,2025-07-24 10:11:06,Normal,275970820.0,4031224708340005.0,ACTIVE,0.0,2025-03-07 15:17:05,,2 residential tower consisting of 3B+G+16F+R and 3B+G+13F+R,Nadd Hessa,Dubai Silicon Oasis Authority,0,0.0,0.0,356.0,
3596,STAMN YUNI,1943,STAMN REAL ESTATE DEVELOPMENT L.L.C,2025-07-01 00:00:00,2027-03-18 00:00:00,2025-04-11 21:49:53,Normal,32000000.0,13932122920003.0,ACTIVE,0.0,2025-03-05 20:34:04,,Basement+Ground floor+2 podium+typical 8 Floors+Roof,Al Satwa,Dubai Development Authority (DDA),0,0.0,0.0,88.0,
3597,Mangrove 2,2080,MANGROVE REAL ESTATE DEVELOPMENT L.L.C,2025-05-23 00:00:00,2026-09-23 00:00:00,2025-07-31 12:15:18,Normal,5530000.0,3001748265000.0,ACTIVE,0.0,2025-06-09 13:10:45,,B+G+4 Floors + Roof Commercial Offices and Retails,Wadi Al Safa 3,Dubai Development Authority (DDA),0,0.0,0.0,18.0,
3598,Monarch,1994,ZANE DEVELOPMENTS L.L.C,2025-04-01 00:00:00,2026-10-01 00:00:00,2025-05-07 15:06:36,Normal,53111164.0,19500000768.0,ACTIVE,0.0,2025-07-02 16:16:28,,G+5,Al Hebiah First,Dubai Development Authority (DDA),0,0.0,0.0,46.0,
3600,The Wilds 1 ,1656,AURORA SPV 2 L.L.C,2025-02-28 00:00:00,2029-01-31 00:00:00,2025-05-19 12:15:27,Normal,747589381.0,4031225788867002.0,ACTIVE,0.0,2025-03-06 09:58:32,,"The project consists of 29 Premium Villas on 29 plots Comprising 4BR (G+1) villas and 5BR (G+1) Villas. & 18 Ultra Luxury Villas on 18 plots Comprising 5BR (B+G+2) villas and 6BR (B+G+2) Villas. In addition to, 197 (G+1)
Individual Standard Villas on 197 Plots that are combination of 3,4 & 5-Bedroom units.
",Wadi Al Safa 3,Dubai Development Authority (DDA),0,0.0,244.0,0.0,
3601,ELEMENTAL 22,2229,ELEMENTAL DEVELOPMENTS L.L.C,2025-06-01 00:00:00,2028-05-31 00:00:00,2025-06-25 14:34:53,Normal,35000000.0,323543967002.0,ACTIVE,0.0,2025-05-09 10:15:40,,Mix Use Residential / Commercial Free Hold Building Ground + 3P + 8 Residential floors,Al Satwa,Dubai Development Authority (DDA),0,0.0,0.0,42.0,
3602,Elwood Estates ,966,SOBHA L.L.C,2025-07-15 00:00:00,2028-06-30 00:00:00,2025-04-29 10:59:49,Normal,688900962.0,1011224613244016.0,ACTIVE,0.0,2025-03-17 14:11:11,,"Proposed 225 Nos. Villas, G+1 & G+2 Floor Villas.
",Al Yufrah 1,Dubai Development Authority (DDA),0,0.0,225.0,0.0,
3603,FLOAREA OASIS,1542,MASHRIQ ELITE REAL ESTATE DEVELOPMENT L.L.C,2025-07-30 00:00:00,2028-12-30 00:00:00,2025-04-15 16:55:37,Normal,60000000.0,19500000764.0,ACTIVE,0.0,2025-03-20 11:58:00,,3B+G+13+R Residential Building,Wadi Al Safa 5,Dubai Development Authority (DDA),0,0.0,0.0,257.0,
3604,SUNSET BAY THREE BY IMTIAZ,2157,IMTIAZ SUNSET REAL ESTATE DEVELOPMENT L.L.C,2025-03-20 00:00:00,2027-03-20 00:00:00,2025-04-18 14:30:31,Normal,31007670.0,1031226743829005.0,ACTIVE,4.33,2025-09-09 11:11:52,,G+2P+8+R,Palm Deira,Trakhees,0,0.0,0.0,63.0,
3606,The Wilds 2 ,1656,AURORA SPV 2 L.L.C,2025-04-28 00:00:00,2029-02-28 00:00:00,2025-05-15 15:15:22,Normal,706981927.0,4031225788867003.0,ACTIVE,0.0,2025-03-11 12:00:21,,"The project consists of 29 Premium Villas on 29 plots Comprising 4BR (G+1) villas and 5BR (G+1) Villas. 16 Ultra Luxury Villas on 16 plots Comprising 5BR (B+G+2) villas and 6BR (B+G+2) Villas. In addition to 207 (G+1) Individual Standard Villas on 207 Plots that are combination of 3,4- & 5-Bedroom units.",Wadi Al Safa 3,Dubai Development Authority (DDA),0,0.0,252.0,0.0,
3607, The Wilds 3 ,1656,AURORA SPV 2 L.L.C,2025-07-28 00:00:00,2029-05-31 00:00:00,2025-05-16 11:05:33,Normal,566659260.0,4031225788867004.0,ACTIVE,0.0,2025-03-11 12:01:27,,"The project consists of 387 (G+1) Individual Standard Villas on 387 Plots that are combination of 3,4 & 5 Bedroom units.",Wadi Al Safa 3,Dubai Development Authority (DDA),0,0.0,387.0,0.0,
3608,Altan,1224,DUBAI CREEK HARBOUR L.L.C,2025-06-10 00:00:00,2029-07-31 00:00:00,2025-03-24 13:50:40,Normal,521115924.0,205668118511.0,ACTIVE,4.44,2025-09-12 15:53:56,,"Proposed Multi-story Residential Development 
(B+G+3P+53 Floor+Roof) Having 479 residential units
",Al Khairan First,Dubai Development Authority (DDA),0,0.0,0.0,479.0,
3609,Albero,1224,DUBAI CREEK HARBOUR L.L.C,2025-06-22 00:00:00,2029-09-30 00:00:00,2025-03-24 13:59:26,Normal,521067550.0,205668118509.0,ACTIVE,3.87,2025-09-12 15:56:34,,"Proposed Multi-story Residential Development 
(B+G+3P+53 Floor+Roof) Having 479 residential units
",Al Khairan First,Dubai Development Authority (DDA),0,0.0,0.0,479.0,
3610,Ayaan Heights I,1328,DIGO REAL ESTATE DEVELOPMENT (BR OF INVEST GROUP OVERSEAS (L L C) ),2025-10-01 00:00:00,2028-03-31 00:00:00,2025-06-20 12:39:25,Normal,100000000.0,4031226108985008.0,ACTIVE,0.0,2025-03-14 11:00:11,,"G+3P+20 residential floors 
",Bukadra,Dubai Municipality,0,0.0,0.0,130.0,
3611,SPARKLZ by Danube ,1009,DANUBE PROPERTIES DEVELOPMENT L.L.C,2025-06-01 00:00:00,2028-05-31 00:00:00,2025-04-14 14:41:52,Normal,220693720.0,19500000758.0,ACTIVE,0.06,2025-09-15 15:02:50,,Mixed use building ( Ground floor + 1podium +12 floors +Roof ) ,Jabal Ali First,Trakhees,0,0.0,0.0,358.0,
3612,Reem by vision,1806,CLEAR VISION REAL ESTATE DEVELOPMENT L.L.C,2025-05-31 00:00:00,2026-12-31 00:00:00,2025-05-02 10:08:15,Normal,40000000.0,12894184394.0,ACTIVE,0.0,2025-03-13 10:13:55,,G+1P+8floors+Roof (Residential+Clinic),Wadi Al Safa 2,Dubai Development Authority (DDA),0,0.0,0.0,200.0,
3613,Azizi Riviera 49,1002,AZIZI DEVELOPMENTS L.L.C,2025-03-13 00:00:00,2027-03-13 00:00:00,2025-09-19 16:51:14,Normal,95403743.0,1009889732.0,ACTIVE,33.95,2025-07-29 16:41:12,,3B+G+10+R Residential and Commercial. The project designed to have a concrete structure and block with internal and external finishes.,Al Merkadh,Dubai Municipality,0,0.0,0.0,158.0,
3614,Azizi Riviera 50,1002,AZIZI DEVELOPMENTS L.L.C,2025-03-13 00:00:00,2027-03-13 00:00:00,2025-09-22 13:59:43,Normal,90680932.0,10174999920262.0,ACTIVE,34.59,2025-07-26 11:14:37,,2B+G+7+R Residential and Commercial. The project designed to have a concrete structure and block with internal and external finishes.,Al Merkadh,Dubai Municipality,0,0.0,0.0,158.0,
3615,Azizi Riviera 53,1002,AZIZI DEVELOPMENTS L.L.C,2025-03-13 00:00:00,2027-03-13 00:00:00,2025-09-24 15:57:45,Normal,87338744.0,1009889641.0,ACTIVE,29.41,2025-07-26 11:51:00,,3B+G+10+R Residential and Commercial.The project designed to have a concrete structure and block with internal and external finishes.,Al Merkadh,Dubai Municipality,0,0.0,0.0,151.0,
3616,Azizi Riviera 55,1002,AZIZI DEVELOPMENTS L.L.C,2025-03-13 00:00:00,2027-03-13 00:00:00,2025-09-16 13:07:07,Normal,96338780.0,1009889609.0,ACTIVE,85.64,2025-07-29 17:14:20,,2B+G+8+R Residential and Commercial. The project designed to have a concrete structure and block with internal and external finishes.,Al Merkadh,Dubai Municipality,0,0.0,0.0,124.0,
3617,Azizi Riviera 56,1002,AZIZI DEVELOPMENTS L.L.C,2025-03-13 00:00:00,2027-03-13 00:00:00,,Normal,65941110.0,10174999920270.0,PENDING,67.69,2025-07-29 16:46:16,,2B+G+8+R Residential and Commercial.The project designed to have a concrete structure and block with internal and external finishes.,Al Merkadh,,0,0.0,0.0,82.0,
3618,ÙÙAzizi Riviera 60 ,1002,AZIZI DEVELOPMENTS L.L.C,2025-03-13 00:00:00,2027-03-13 00:00:00,2025-07-28 10:47:54,Normal,53148829.0,10174999920272.0,ACTIVE,54.34,2025-07-29 08:52:42,,2B+G+8+R Residential and Commercial. The project designed to have a concrete structure and block with internal and external finishes.,Al Merkadh,Dubai Municipality,0,0.0,0.0,82.0,
3619,Azizi Riviera 62 ,1002,AZIZI DEVELOPMENTS L.L.C,2025-03-13 00:00:00,2027-03-13 00:00:00,,Normal,85863848.0,10174999920268.0,PENDING,56.6,2025-07-29 16:52:05,,2B+G+8+R Residential and Commercial,Al Merkadh,,0,0.0,0.0,112.0,
3620,Luzora Residences,2105,D I A HOMES REAL ESTATE DEVELOPMENT L.L.C,2025-03-07 00:00:00,2027-01-06 00:00:00,2025-05-07 15:59:52,Normal,91700000.0,205907880402.0,ACTIVE,0.0,2025-03-20 11:17:36,,Proposed G+2P+8+ Roof Residential Building on Plot No 1010508 at Nakhlat Deira/UAE,Palm Deira,Trakhees,0,0.0,0.0,108.0,
3621,Cubital Heights 2,1536,OZEAN REAL ESTATE DEVELOPMENT L.L.C,2025-05-01 00:00:00,2027-05-01 00:00:00,,Normal,70000000.0,,PENDING,0.0,2025-03-15 14:17:17,,RESIDENTIAL & COMMERCIAL BUILDING B+G+2P+13+R,Jabal Ali First,,0,0.0,0.0,83.0,
3623,Olivia Gardens Residence,2262,SEGREX TERRA DEVELOPMENT L.L.C,2025-04-30 00:00:00,2027-04-30 00:00:00,2025-05-07 11:23:23,Normal,34900000.0,19423436.0,ACTIVE,0.0,2025-03-20 10:29:59,,G+2 Podiums + 8 Floor +Roof,Al Satwa,Dubai Development Authority (DDA),0,0.0,0.0,78.0,
3624,Rose Gardens 2,2093,ROZ REAL ESTATE DEVELOPMENT L.L.C,2025-02-11 00:00:00,2026-08-30 00:00:00,2025-05-05 09:55:54,Normal,36493282.25,205915669007.0,ACTIVE,0.0,2025-03-14 11:57:45,,"B+G+4+R
Residential Building",Al Barsha South Fourth,Trakhees,0,0.0,0.0,71.0,
3627,Hills View at Wasl Gate,1882,SUNCREST HILLS PROPERTY L.L.C,2025-06-30 00:00:00,2028-06-30 00:00:00,2025-05-20 21:35:42,Normal,117450000.0,12119036548.0,ACTIVE,0.0,2025-03-19 16:30:05,,Residential Building (G+1Podium+14 Typical Floors+Roof) ,Jabal Ali First,Dubai Municipality,0,0.0,0.0,350.0,
3629,Roof Comfort,1809,ROOF ENTERPRISES AND DEVELOPMENT CO. L.L.C,2025-04-01 00:00:00,2027-12-31 00:00:00,2025-06-16 14:57:21,Normal,137000000.0,205905203102.0,ACTIVE,0.0,2025-05-09 15:54:58,,G + P + 10 Floors + Roof,Wadi Al Safa 5,Dubai Development Authority (DDA),0,0.0,0.0,316.0,
3630,Shoaq,1511,AVENEW REAL ESTATE DEVELOPMENT L.L.C,2025-09-30 00:00:00,2027-10-30 00:00:00,2025-04-22 09:10:49,Normal,80000000.0,1582174755401.0,ACTIVE,0.0,2025-04-09 16:43:43,,"Residential Buildings comprising of 78 
Residential units (1BHK=49, 2BHK=14, 
3BHK=10, Townhouses 3BHK=4  
Penthouse=1) ",Palm Deira,Trakhees,0,0.0,0.0,78.0,
3631,Bay Grove Residences B - Dubai Islands,105,DUBAI ISLANDS L.L.C,2025-06-17 00:00:00,2028-09-21 00:00:00,2025-04-04 14:39:01,Normal,310591793.0,323523386002.0,ACTIVE,0.0,2025-09-03 10:45:27,,"The project is residences located at Dubai Islands. The Project Introduces one combined Basement, one combined Ground + 3 Buildings:  
BG 5 = B+G+8+R (50 Units) 
BG 6 = B+G+10+R (73 Units) 
BG 7 = B+G+20+R (118 Units) 
The Residences Consists of a total of 241 Apartments with unit mix of 1-Bedroom, 2-Bedrooms, 3-Bedrooms & 4-Bedrooms (Duplex Apartments). ",Palm Deira,Trakhees,0,0.0,0.0,241.0,
3632,Marquis Vista,1546,MARQUIS HOME DEVELOPER L.L.C,2025-06-01 00:00:00,2027-12-31 00:00:00,2025-07-14 15:13:41,Normal,40000000.0,12254296226.0,ACTIVE,0.0,2025-03-19 11:42:39,,B+G+P+10 Residential Building,Wadi Al Safa 5,Dubai Development Authority (DDA),0,0.0,0.0,129.0,
3633,Nabni Sky Royal Residences,951,NABNI REAL ESTATE DEVELOPMENT L.L.C,2025-07-01 00:00:00,2030-12-31 00:00:00,2025-04-15 12:25:12,Normal,512000000.0,12035209598.0,ACTIVE,0.0,2025-03-19 14:08:01,,3B+G+4P+65 RESIDENTIAL BUILDING,Business Bay,Dubai Development Authority (DDA),0,0.0,0.0,146.0,
3634,Ayaan Heights II,1328,DIGO REAL ESTATE DEVELOPMENT (BR OF INVEST GROUP OVERSEAS (L L C) ),2025-10-01 00:00:00,2028-03-31 00:00:00,,Normal,200000000.0,,PENDING,,,,1B + G + 4P + 20 Residential floors ,Bukadra,,1,0.0,0.0,0.0,
3635,Elevia Residences,1858,valores property  DEVELOPMENT L.L.C,2025-08-01 00:00:00,2027-06-30 00:00:00,2025-07-30 13:34:47,Normal,30500000.0,323561310001.0,ACTIVE,0.0,2025-04-10 15:36:42,,Residential Building (B+G+5+R),Warsan Fourth,Trakhees,0,0.0,0.0,106.0,
3636,Aria Heights,1104,SRG REAL ESTATE DEVELOPER L.L.C,2025-04-15 00:00:00,2027-07-15 00:00:00,2025-08-11 13:07:43,Normal,110000000.0,11421382920004.0,ACTIVE,1.78,2025-06-25 12:15:08,,"Commercial and Residential buildings (G+3P+16) comprising of 169 Residential units (STUDIO= 38, 1BHK.=83, 2BHK=32, 3BHK=16) and 3 Retail Units.",Al Barsha South Fourth,Trakhees,0,0.0,0.0,172.0,
3638,Tomorrow 166,1977,TOMORROW WORLD REAL ESTATE DEVELOPMENT L.L.C,2025-06-01 00:00:00,2027-05-31 00:00:00,2025-05-13 16:18:42,Normal,29500000.0,19427206.0,ACTIVE,0.0,2025-04-03 13:53:46,,Residential Building (G+P+7Floors+Roof) with Retails @GF + / Swimming Pool with Gym @ First Floor.,Palm Deira,,0,0.0,0.0,54.0,
3639,ESSENLIFE RESIDENCE,1579,OBJECT ONE REAL ESTATE DEVELOPMENT L.L.C,2025-05-30 00:00:00,2028-03-30 00:00:00,2025-05-07 11:23:23,Normal,55000000.0,19424048.0,ACTIVE,0.0,2025-04-23 14:22:23,,B+G+5P+23F+RÂ ,Al Barsha South Fifth,Trakhees,0,0.0,0.0,357.0,
3640,ISOLANA RESIDENCES,2225,HAYAAT IKHLAQ DEVELOPMENTS L.L.C,2025-05-20 00:00:00,2027-03-20 00:00:00,2025-04-15 13:59:20,Normal,22000000.0,3718491333203.0,ACTIVE,0.0,2025-03-25 11:56:27,,Ø§Ø±Ø¶Ù+2Ø¨ÙØ¯ÙÙÙ+ 8 Ø·ÙØ§Ø¨Ù,Palm Deira,Trakhees,0,0.0,0.0,71.0,
3641,Park Gate 2,984,DUBAI HILLS ESTATE L.L.C,2025-06-17 00:00:00,2027-02-28 00:00:00,2025-04-09 14:58:12,Normal,40002580.0,204806436140.0,ACTIVE,2.17,2025-07-09 12:13:02,,"Freehold G+2 Villas consisting of 13nos. Of 4Bedroom and 4 nos. of 5Bedroom 
",Hadaeq Sheikh Mohammed Bin Rashid,Dubai Development Authority (DDA),0,0.0,17.0,0.0,
3642,SOL LEVANTE,999,S O L PROPERTIES DEVELOPMENT L.L.C,2025-06-15 00:00:00,2028-09-15 00:00:00,2025-05-28 13:34:54,Normal,250000000.0,204876035506.0,ACTIVE,0.2,2025-08-20 19:59:17,,(G+4P+20F+R) MIXED USED (RESIDENTIAL TOWER + COMMERCIAL + RETAIL),Al Barsha South Fifth,Trakhees,0,0.0,0.0,674.0,
3643,AZIZI MILAN 51,1002,AZIZI DEVELOPMENTS L.L.C,2025-03-26 00:00:00,2027-03-26 00:00:00,2025-04-11 10:22:54,Normal,111000000.0,10174999920258.0,ACTIVE,0.0,2025-03-26 10:43:22,,PROPOSED (3B+G+5P+30)MIXED USE (RESIDENTIAL +COMMERCIAL),Wadi Al Safa 4,Dubai Development Authority (DDA),0,0.0,0.0,579.0,
3646,Tetris Tower,2203,LE LUMINOUS REAL ESTATE DEVELOPMENT L.L.C,2025-04-20 00:00:00,2027-09-30 00:00:00,,Normal,40000000.0,,PENDING,0.0,2025-03-27 15:32:20,,Ground+3 podiums+16 recurring residential floors,Al Barsha South Fourth,,0,0.0,0.0,205.0,
3647,Mi Casa By London Gate Real Estate Development,1596,LONDON GATE REAL ESTATE DEVELOPMENT L.L.C,2025-04-01 00:00:00,2028-03-01 00:00:00,,Normal,2000000.0,,PENDING,19.09,2025-03-27 15:06:54,,building ,Al Barsha South Fourth,,0,0.0,0.0,76.0,
3649,Augusta,1162,NSHAMA PROPERTIES OWNED BY NSHMI DEVELOPMENT ONE PERSON COMPANY L.L.C,2025-10-10 00:00:00,2028-01-14 00:00:00,2025-04-18 09:34:36,Normal,122876489.0,4031224702173089.0,ACTIVE,0.0,2025-04-08 12:30:38,,Residential Apartment Building with Retail in Ground Floor G+2P+14+R+ Parking in ground floor & 2 Podium floors ,Al Yelayiss 2,Dubai Development Authority (DDA),0,0.0,0.0,154.0,
3650,The Mural,2140,THE MURAL REAL ESTATE LLC,2025-10-10 00:00:00,2028-07-10 00:00:00,2025-04-11 11:40:03,Normal,273000000.0,205913548502.0,ACTIVE,0.31,2025-07-27 14:09:13,,Mixed use (Residential-Retail) B+LG+G+2P+32FLOORS.,Madinat Dubai Almelaheyah,Trakhees,0,0.0,0.0,268.0,
3651,Reef 998,1944,REEF LUXURY DEVELOPMENT L.L.C,2025-06-01 00:00:00,2028-06-30 00:00:00,2025-05-28 14:04:38,Normal,85000000.0,19429442.0,ACTIVE,0.0,2025-04-03 10:13:32,,"3B+G+3P+20+R Commercial and Residential Building
Consist of Studio+ Balcony- 114 Rooms,1 Bedroom + Balcony =133 Rooms, 2 Bedroom + Balcony =57 Rooms, 3 Bedroom + Balcony =19 Rooms
Total of 323 Rooms

3B+G+3P+20+R
Consist of Studio+ Balcony- 114 Rooms,1 Bedroom + Balcony =133 Rooms, 2 Bedroom + Balcony =57 Rooms, 3 Bedroom + Balcony =19 Rooms
Total of 323 Rooms
",Wadi Al Safa 5,Dubai Development Authority (DDA),0,0.0,0.0,339.0,
3653,Avion Residence ,2142,SKY VIEW DEVELOPMENT L.L.C,2025-02-28 00:00:00,2027-03-31 00:00:00,2025-05-13 10:59:03,Normal,35000000.0,205913521002.0,ACTIVE,,,,G+6+Rooftop Amenities Residential Building,Madinat Al Mataar,,0,0.0,0.0,66.0,
3654,NAUTIS RESIDENCES,1943,STAMN REAL ESTATE DEVELOPMENT L.L.C,2025-08-01 00:00:00,2027-08-30 00:00:00,2025-05-29 11:31:12,Normal,47840000.0,13932122920005.0,ACTIVE,0.0,2025-04-05 08:56:16,,Residential building include (Ground floor + 2 parking + 8 typical floors + R),Palm Deira,Trakhees,0,0.0,0.0,63.0,
3656,Azizi Milan 30,1002,AZIZI DEVELOPMENTS L.L.C,2025-04-04 00:00:00,2027-04-04 00:00:00,2025-04-18 09:11:38,Normal,119200000.0,1582174613101.0,ACTIVE,,,,PROPOSED (3B+G+5P+34F+ROOF) MIXED USE (RESIDENTIAL + RETAIL),Wadi Al Safa 4,Dubai Development Authority (DDA),0,0.0,0.0,629.0,
3659,burj capital ,2213,CENTURION CAPITAL ONE PROPERTIES L.L.C,2025-06-21 00:00:00,2028-12-22 00:00:00,2025-06-03 09:18:25,Normal,150000000.0,80260600000014.0,ACTIVE,0.0,2025-04-21 14:57:30,,5B+G+3P+25+SERVICE FLOOR +ROOF ,Business Bay,Dubai Development Authority (DDA),0,0.0,0.0,248.0,
3660,DAMAC RIVERSIDE VIEWS - AZURE 1,1866,DAMAC MRY INVESTMENT L.L.C,2025-08-11 00:00:00,2029-03-31 00:00:00,2025-05-18 20:01:53,Normal,271454520.0,19000089171.0,ACTIVE,0.0,2025-04-07 13:59:00,,"Project consists of G+3P+14 residential building located in Dubai Investment Park second, Dubai. The building is designed to have a concrete structure and block with internal and external finishes.",Dubai Investment Park Second,Dubai Municipality,0,0.0,0.0,824.0,
3661,DAMAC RIVERSIDE VIEWS - AZURE 2,1866,DAMAC MRY INVESTMENT L.L.C,2025-08-11 00:00:00,2029-03-31 00:00:00,2025-05-18 20:03:13,Normal,184325840.0,19000089173.0,ACTIVE,0.0,2025-04-07 14:12:29,,"Project consists of G+2P+8 residential building located in Dubai Investment Park second, Dubai. The building is designed to have a concrete structure and block with internal and external finishes.",Dubai Investment Park Second,Dubai Municipality,0,0.0,0.0,720.0,
3662,Azizi Milan 20,1002,AZIZI DEVELOPMENTS L.L.C,2025-04-07 00:00:00,2027-04-30 00:00:00,2025-04-17 11:02:41,Normal,140500000.0,1582174607001.0,ACTIVE,0.0,2025-04-07 14:28:07,,PROPOSED (3B+G+5 POD+35+R) RESIDENTIAL/ COMMERCIAL BUILDING,Wadi Al Safa 4,Dubai Development Authority (DDA),0,0.0,0.0,741.0,
3663,DAMAC RIVERSIDE VIEWS - CAPRI 1 ,1866,DAMAC MRY INVESTMENT L.L.C,2025-08-11 00:00:00,2029-03-31 00:00:00,2025-05-16 14:58:50,Normal,271454520.0,19000089175.0,ACTIVE,0.0,2025-04-07 14:50:38,,"Project consists of G+3P+14 residential building located in Dubai Investment Park second, Dubai. The building is designed to have a concrete structure and block with internal and external finishes.",Dubai Investment Park Second,Dubai Municipality,0,0.0,0.0,824.0,
3664,DAMAC RIVERSIDE VIEWS - CAPRI 2,1866,DAMAC MRY INVESTMENT L.L.C,2025-08-11 00:00:00,2029-03-31 00:00:00,2025-05-15 13:02:04,Normal,184325840.0,19000089177.0,ACTIVE,0.0,2025-04-07 15:05:48,,"Project consists of G+2P+8 residential building located in Dubai Investment Park second, Dubai. The building is designed to have a concrete structure and block with internal and external finishes.",Dubai Investment Park Second,Dubai Municipality,0,0.0,0.0,576.0,
3665,DAMAC RIVERSIDE VIEWS - INDIGO 1,1866,DAMAC MRY INVESTMENT L.L.C,2025-08-11 00:00:00,2029-03-31 00:00:00,2025-05-12 09:10:22,Normal,176712350.0,19000089180.0,ACTIVE,0.0,2025-04-07 15:56:48,,"Project consists of G+3P+14 residential building located in Dubai Investment Park second, Dubai. The building is designed to have a concrete structure and block with internal and external finishes.",Dubai Investment Park Second,,0,0.0,0.0,493.0,
3666,DAMAC RIVERSIDE VIEWS - INDIGO 2,1866,DAMAC MRY INVESTMENT L.L.C,2025-08-11 00:00:00,2029-03-31 00:00:00,2025-05-12 09:10:22,Normal,127581200.0,19000089182.0,ACTIVE,0.0,2025-04-07 16:21:38,,"Project consists of G+2P+8 residential building located in Dubai Investment Park second, Dubai. The building is designed to have a concrete structure and block with internal and external finishes.",Dubai Investment Park Second,,0,0.0,0.0,388.0,
3667,DAMAC RIVERSIDE VIEWS - ROYAL 1,1866,DAMAC MRY INVESTMENT L.L.C,2025-08-11 00:00:00,2029-03-31 00:00:00,2025-05-12 09:10:22,Normal,117913810.0,19000089184.0,ACTIVE,0.0,2025-04-07 16:47:15,,"Project consists of G+3P+14 residential building located in Dubai Investment Park second, Dubai. The building is designed to have a concrete structure and block with internal and external finishes.",Dubai Investment Park Second,,0,0.0,0.0,335.0,
3668,DAMAC RIVERSIDE VIEWS - ROYAL 2,1866,DAMAC MRY INVESTMENT L.L.C,2025-08-11 00:00:00,2029-03-31 00:00:00,2025-05-12 09:10:22,Normal,117913810.0,19000089186.0,ACTIVE,0.0,2025-04-07 17:10:08,,"Project consists of G+3P+14 residential building located in Dubai Investment Park second, Dubai. The building is designed to have a concrete structure and block with internal and external finishes",Dubai Investment Park Second,,0,0.0,0.0,335.0,
3669,DAMAC RIVERSIDE VIEWS - ROYAL 3&4,1866,DAMAC MRY INVESTMENT L.L.C,2025-08-11 00:00:00,2029-03-31 00:00:00,2025-05-12 12:20:50,Normal,165134700.0,19000089188.0,ACTIVE,0.0,2025-04-07 17:28:10,,"Project consists of 2 buildings of G+3P+7 residential building located in Dubai Investment Park second, Dubai. The building is designed to have a concrete structure and block with internal and external finishes.",Dubai Investment Park Second,,0,0.0,0.0,466.0,
3670,Edition 77,2243,STALLION HOMES REAL ESTATE DEVELOPMENT L.L.C,2025-04-01 00:00:00,2028-04-01 00:00:00,,Normal,25000000.0,,PENDING,,,,Residential Building (UG+G+6+R),Madinat Al Mataar,,1,0.0,0.0,0.0,
3671,Cotier House 2 By Imtiaz ,2212,IMTIAZ UG REAL ESTATE DEVELOPMENT L.L.C,2025-04-15 00:00:00,2027-04-15 00:00:00,2025-04-24 10:35:15,Normal,71392350.0,1011226813396002.0,ACTIVE,0.0,2025-04-08 17:37:17,,G+2P+10+R Residential Building ,Palm Deira,Trakhees,0,0.0,0.0,128.0,
3672,South Park Residences 2 By Wellington,2076,WELLINGTON ELITE REAL ESTATE DEVELOPMENT L.L.C,2025-03-20 00:00:00,2028-06-20 00:00:00,2025-06-30 10:21:51,Normal,16250000.0,13944557920004.0,ACTIVE,36.97,2025-09-09 16:52:00,,G + F + R + Ø§ÙÙØ±Ø§ÙÙ ÙÙÙØ§ Ø³ÙÙÙØ©,Saih Shuaib 2,Dubai Development Authority (DDA),0,0.0,15.0,0.0,
3673,Vio Residences,1116,MODELUX REAL ESTATE DEVELOPMENT L.L.C,2025-01-01 00:00:00,2026-12-31 00:00:00,2025-09-11 14:08:18,Normal,21000000.0,1582185633301.0,ACTIVE,0.0,2025-04-09 10:34:40,,B+G+5+Roof,Warsan Fourth,Trakhees,0,0.0,0.0,87.0,
3674,Al Warsan Star,126.0,ROSE HOMES INVESTMENT (L.L.C),2025-10-12 00:00:00,2027-02-12 00:00:00,,Normal,21262500.0,295622920005.0,PENDING,0.0,2025-09-23 10:23:01,,G+1P+6 Building,Al Warsan First,,0.0,0.0,0.0,48.0,
3675,Cove Boulevard By Imtiaz,1129.0,IMTIAZ REAL ESTATE INVESTMENT & DEVELOPMENT L.L.C,2025-05-25 00:00:00,2028-10-30 00:00:00,2025-06-09 16:03:37,Normal,151171849.0,1091225608110055.0,ACTIVE,0.14,2025-06-24 15:53:53,,2B+G+4P+30+R Residential Building ,Wadi Al Safa 5,Dubai Development Authority (DDA),0.0,0.0,0.0,436.0,
3676,White Opals,1440.0,AIZN REAL ESTATE DEVELOPMENT L.L.C,2025-09-01 00:00:00,2028-09-01 00:00:00,2025-09-09 13:04:04,Normal,20000000.0,13502085920002.0,ACTIVE,0.0,2025-06-17 12:34:09,,1B+G+5+1R,Wadi Al Safa 3,Dubai Municipality,0.0,0.0,0.0,49.0,
3677,Rose Gold Residences by Zee Development,1671.0,ZEE DEVELOPMENT L.L.C,2025-08-01 00:00:00,2028-01-30 00:00:00,2025-09-09 09:35:24,Normal,45000000.0,19490692.0,ACTIVE,0.0,2025-04-16 13:40:26,,RESIDENTIAL BUILDING (G+4P+11F+R) WITH RETAIL@GF ,Al Barsha South Fourth,Trakhees,0.0,0.0,0.0,175.0,
3678,Coventry 66,2190.0,GFS WONDERS DEVELOPERS L.L.C,2025-05-25 00:00:00,2027-05-25 00:00:00,2025-05-13 16:19:08,Normal,21000000.0,800008160002.0,ACTIVE,0.0,2025-04-12 15:52:54,,G+4+Roof,Madinat Al Mataar,,0.0,0.0,0.0,64.0,
3679,Confident Preston,2295.0,CASA PRESTON REAL ESTATE L.L.C,2025-06-01 00:00:00,2027-07-01 00:00:00,,Normal,23482480.0,,PENDING,0.0,2025-05-08 18:39:04,,"The building consists of G+9 floors and includes comprehensive residential services, in addition to rooftop facilities.",Wadi Al Safa 2,,0.0,0.0,0.0,99.0,
3680,Soul by vision,1823.0,VISION PLATINUM REAL ESTATE DEVELOPMENT L.L.C,2025-05-31 00:00:00,2026-12-31 00:00:00,2025-05-07 15:19:01,Normal,40000000.0,12176819616.0,ACTIVE,0.0,2025-04-11 10:23:51,,G+9F+R ,Me'Aisem First,,0.0,0.0,0.0,176.0,
3681,Provenza Residences ,1803.0,I K R REAL ESTATE DEVELOPMENT L.L.C,2025-07-01 00:00:00,2027-09-30 00:00:00,2025-05-16 15:26:18,Normal,55000000.0,19000089098.0,ACTIVE,0.0,2025-04-21 17:39:46,,Residential Building(G+4P+12+Roof)with Retail @GF + Swimming Pool with Gym@ First Floor ,Al Barsha South Fourth,Trakhees,0.0,0.0,0.0,188.0,
3682,Samha Residence 2,2216.0,SAMHA REAL ESTATE DEVELOPMENT L.L.C,2025-02-15 00:00:00,2026-10-15 00:00:00,2025-07-16 14:54:17,Normal,56000000.0,12461481002.0,ACTIVE,15.0,2025-04-11 15:25:05,,UG+G+3P+19+R,Al Barsha South Fourth,Trakhees,0.0,0.0,0.0,175.0,
3683,Dreamlife Residences,1752.0,NOVA POWER REAL ESTATE L.L.C,2025-01-01 00:00:00,2027-01-15 00:00:00,2025-06-04 14:30:32,Normal,60000000.0,1011226035967005.0,ACTIVE,0.04,2025-04-14 18:10:04,,Residential Building (G+2P+10 Floors),Palm Deira,Trakhees,0.0,0.0,0.0,104.0,
3684,REGAL CREST,2204.0,KHALIS PROPERTIES L.L.C,2025-04-01 00:00:00,2027-03-31 00:00:00,2025-06-20 20:12:51,Normal,27000000.0,19500000772.0,ACTIVE,0.0,2025-04-17 19:19:21,,Residential Building (G+4+Roof),Madinat Al Mataar,Dubai South,0.0,0.0,0.0,56.0,
3686,Aark Terraces,1643.0,AARK DEVELOPERS L.L.C,2025-04-01 00:00:00,2027-12-31 00:00:00,2025-05-21 12:14:21,Normal,45000000.0,19500000784.0,ACTIVE,0.0,2025-04-21 10:14:11,,B+G+11+R,Wadi Al Safa 5,Dubai Development Authority (DDA),0.0,0.0,0.0,131.0,
3687,Livia Residence,2274.0,BARCO PROPERTIES DEVELOPMENT L.L.C,2025-06-30 00:00:00,2027-04-30 00:00:00,2025-08-05 12:11:04,Normal,33000000.0,3718497555502.0,ACTIVE,0.0,2025-04-15 12:52:34,,PROPOSED G+6 RESIDENTIAL BUILDING.,Madinat Al Mataar,Dubai South,0.0,0.0,0.0,71.0,
3688,Longford Residences by Devan Real Estate Development,2114.0,DEVAN REAL ESTATE DEVELOPMENT L.L.C,2025-06-15 00:00:00,2028-05-01 00:00:00,2025-06-03 16:13:12,Normal,90000000.0,19435930.0,ACTIVE,0.0,2025-04-20 17:42:30,,Residential Building (Proposed G+P+(03 building) 4 Floors+ Roof) with Retail & entertainment area @GF,Al Warsan First,Trakhees,0.0,0.0,0.0,280.0,
3690,DAMAC RIVERSIDE - OLIVE,1866.0,DAMAC MRY INVESTMENT L.L.C,2025-10-01 00:00:00,2028-06-30 00:00:00,2025-05-12 21:13:27,Normal,86550890.0,19000089190.0,ACTIVE,0.0,2025-04-15 12:25:19,,"Project consists of 208 Nos. of G+1 and G+2 Townhouses and Villas located in Dubai Investment Park Second, Dubai. The units are designed to have a concrete structure and block with internal and external finishes.",Dubai Investment Park Second,Dubai Municipality,0.0,0.0,208.0,0.0,
3693,DAMAC ISLANDS - BALI 3,2035.0,DAMAC ELITE INVESTMENT CO. L.L.C,2025-10-01 00:00:00,2029-06-30 00:00:00,2025-05-05 00:00:00,Normal,114025756.0,205892602951.0,ACTIVE,0.0,2025-04-16 11:15:41,,"Project consists of 274 Nos. of G+2 and G+1 Townhouses and Villas located in Al Yalayis 1, Dubai. The units are designed to have a concrete structure and block with internal and external finishes.",Al Yelayiss 1,Dubai Development Authority (DDA),6.0,0.0,268.0,0.0,
3694,Azizi Milan 18,1002.0,AZIZI DEVELOPMENTS L.L.C,2025-04-16 00:00:00,2027-04-16 00:00:00,2025-08-18 10:55:46,Normal,271000000.0,10174999920266.0,ACTIVE,0.0,2025-04-16 10:51:03,,PROPOSED (3B+G+5P+25) RESIDENTIAL & COMMERCIAL BUILDING,Wadi Al Safa 4,Dubai Development Authority (DDA),0.0,0.0,0.0,1541.0,
3695,Azizi Milan 53,1002.0,AZIZI DEVELOPMENTS L.L.C,2025-04-16 00:00:00,2027-04-30 00:00:00,2025-08-18 11:13:43,Normal,63100000.0,10174999920264.0,ACTIVE,0.0,2025-04-16 11:38:56,,PROPOSED (3B+G+5P+19) RESIDENTIAL & COMMERCIAL BUILDING,Wadi Al Safa 4,Dubai Development Authority (DDA),0.0,0.0,0.0,306.0,
3696,Azizi Milan 55,1002.0,AZIZI DEVELOPMENTS L.L.C,2025-04-16 00:00:00,2027-04-30 00:00:00,2025-07-15 08:33:36,Normal,111500000.0,10174999920260.0,ACTIVE,0.0,2025-04-16 12:10:09,,PROPOSED (3B+G+5P+29) RESIDENTIAL & COMMERCIAL BUILDING,Wadi Al Safa 4,Dubai Development Authority (DDA),0.0,0.0,0.0,465.0,
3697,DAMAC ISLANDS - BALI 4,2035.0,DAMAC ELITE INVESTMENT CO. L.L.C,2025-10-01 00:00:00,2029-06-30 00:00:00,2025-05-05 00:00:00,Normal,97646046.0,205892602952.0,ACTIVE,0.0,2025-04-16 12:21:00,,"Project consists of 232 Nos. of G+2 and G+1 Townhouses and Villas located in Al Yalayis 1, Dubai. The units are designed to have a concrete structure and block with internal and external finishes.",Al Yelayiss 1,Dubai Development Authority (DDA),24.0,0.0,208.0,0.0,
3698,DAMAC ISLANDS - SEYCHELLES 1,2035.0,DAMAC ELITE INVESTMENT CO. L.L.C,2025-10-01 00:00:00,2029-06-30 00:00:00,2025-05-05 14:21:32,Normal,85923784.0,205892602948.0,ACTIVE,0.0,2025-04-16 15:22:46,,"Project consists of 204 Nos. of G+2 and G+1 Townhouses and Villas located in Al Yalayis 1,Dubai. The units are designed to have a concrete structure and block with internal and external finishes.",Al Yelayiss 1,Dubai Development Authority (DDA),0.0,0.0,204.0,0.0,
3699,Grand Polo - Chevalia Estate ,1211.0,EMAAR DEVELOPMENT P.J.S.C.,2025-03-27 00:00:00,2029-02-28 00:00:00,2025-04-22 15:12:40,Normal,243075967.0,10653441920060.0,ACTIVE,0.0,2025-04-17 12:06:26,,"Residential development consisting of 80 villas (G+1+roof)
",Dubai Investment Park Second,Dubai Municipality,0.0,0.0,80.0,0.0,
3700,Grand Polo - Montura,1211.0,EMAAR DEVELOPMENT P.J.S.C.,2025-03-13 00:00:00,2029-06-30 00:00:00,2025-04-22 15:18:06,Normal,398827532.0,10653441920055.0,ACTIVE,0.0,2025-04-17 12:09:29,,"Residential development consisting of 211 villas (G+1+roof)
",Dubai Investment Park Second,Dubai Municipality,0.0,0.0,211.0,0.0,
3701,Grand Polo - Chevalia Fields,1211.0,EMAAR DEVELOPMENT P.J.S.C.,2025-03-13 00:00:00,2029-04-30 00:00:00,2025-04-22 15:20:40,Normal,426659470.0,322818044004.0,ACTIVE,0.0,2025-04-17 12:08:03,,"Residential development consisting of 179 villas (G+2)
",Dubai Investment Park Second,Dubai Municipality,0.0,0.0,179.0,0.0,
3702,Marquis One,1546.0,MARQUIS HOME DEVELOPER L.L.C,2025-10-01 00:00:00,2028-12-31 00:00:00,2025-09-09 15:18:36,Normal,160000000.0,12489402473.0,ACTIVE,0.0,2025-04-17 10:50:10,,G+4P+22+R Residential Building,Al Barshaa South Third,Dubai Development Authority (DDA),0.0,0.0,0.0,489.0,
3703,Grand Polo - Montura 3,1211.0,EMAAR DEVELOPMENT P.J.S.C.,2025-03-13 00:00:00,2029-06-30 00:00:00,2025-04-23 11:36:17,Normal,414560835.0,3538215410318.0,ACTIVE,0.0,2025-04-17 12:13:45,,"Residential development consisting of 219 villas (G+1+roof)
",Dubai Investment Park Second,Dubai Municipality,0.0,0.0,219.0,0.0,
3704,Grand Polo - Montura 2,1211.0,EMAAR DEVELOPMENT P.J.S.C.,2025-04-30 00:00:00,2029-05-31 00:00:00,2025-04-22 15:23:55,Normal,269425569.0,10653441920057.0,ACTIVE,0.0,2025-04-17 12:11:05,,"Residential development consisting of 206 villas (G+1+roof)
",Dubai Investment Park Second,Dubai Municipality,0.0,0.0,206.0,0.0,
3705,COVE EDITION RESIDENCE 5 by Imtiaz,1129.0,IMTIAZ REAL ESTATE INVESTMENT & DEVELOPMENT L.L.C,2025-05-20 00:00:00,2027-05-20 00:00:00,2025-06-12 13:40:57,Normal,44306689.0,1091225608110052.0,ACTIVE,1.7,2025-08-15 11:55:35,, 2B+G+ 11 + Roof - RESIDENTIAL BUILDING,Wadi Al Safa 5,Dubai Development Authority (DDA),0.0,0.0,0.0,198.0,
3706,DAMAC HILLS - IVORY,954.0,DAMAC CRESCENT PROPERTIES,2025-09-01 00:00:00,2028-06-30 00:00:00,2025-07-03 10:15:16,Normal,20559381.0,465511920042.0,ACTIVE,0.0,2025-04-18 11:09:18,,"
Project consists of 57 Nos. of G+2 and G+1 Townhouses and Villas located in DAMAC Hills,
Al Hebiah Third, Dubai. The units are designed to have a concrete structure and block with
internal and external finishes.",Al Hebiah Third,Dubai Development Authority (DDA),0.0,0.0,57.0,0.0,
3707,Beach Walk Residences 4 by Imtiaz,1129.0,IMTIAZ REAL ESTATE INVESTMENT & DEVELOPMENT L.L.C,2025-04-20 00:00:00,2027-04-20 00:00:00,2025-05-02 10:24:53,Normal,31307677.0,1091225608110050.0,ACTIVE,3.7,2025-07-09 10:41:30,,"G+2P+8+R - RESIDENTIAL BUILDING.The project designed to have a concrete structure and block with internal and external finishes.
",Palm Deira,Trakhees,0.0,0.0,0.0,70.0,
3708,Zenith Residences,2301.0,ART OF AMBER REAL ESTATE DEVELOPMENT L.L.C,2025-03-01 00:00:00,2028-03-01 00:00:00,2025-07-23 11:47:09,Normal,65000000.0,19500000792.0,ACTIVE,2.98,2025-04-22 16:12:16,,Residential Building (B+G+3P+14+Roof Floor),Warsan Fourth,Trakhees,0.0,0.0,0.0,267.0,
3710,Silva,1224.0,DUBAI CREEK HARBOUR L.L.C,2025-08-31 00:00:00,2029-09-30 00:00:00,2025-05-02 10:08:15,Normal,561623084.0,3538453986207.0,ACTIVE,0.0,2025-04-21 00:21:14,,"Multi storey Residential Development (B+G+2P+47)
Total Residential units: 434 residential units
",Al Khairan First,Dubai Development Authority (DDA),0.0,0.0,0.0,437.0,
3712,AL WALEED w.s 1,1532.0,AL WALEED DEVELOPMENT L.L.C,2025-05-01 00:00:00,2027-02-28 00:00:00,2025-07-01 14:18:59,Normal,69950000.0,205837920904.0,ACTIVE,0.0,2025-04-21 13:34:49,,"Our new project Al Waleed w.s 1 is located in Wadi Al Safa 5, under the Dubai Land Residences LLC as main Developer and Al Waleed Deveopment LLC as sub Developer. Our building consists of B+G+2P+12 Floors + Roof with total built up area 250,624.01 Sq.ft and GFA 130,056.64 Sq.ft Total number of flats 151 which are in detail Studio: 22 no?s; 1 BR: 83 no?s; 2 BR: 46 no?s. Building has total 155 parking and swimming pool and gym facility. The building combines elegant, modern design with high-quality finishes, while providing comfort for residents.",Wadi Al Safa 5,Dubai Development Authority (DDA),0.0,0.0,0.0,151.0,
3713,Sobha Central Phase I,966.0,SOBHA L.L.C,2025-08-01 00:00:00,2030-06-30 00:00:00,2025-07-22 09:11:12,Normal,1843544350.0,1582177943301.0,ACTIVE,0.0,2025-07-10 09:21:15,,"Proposed 3 Basement + Ground + 75 Floors + 1 Mech + Roof, Residential Development
",Jabal Ali First,,0.0,0.0,0.0,4526.0,
3714,SUNSET BAY FOUR BY IMTIAZ,2157.0,IMTIAZ SUNSET REAL ESTATE DEVELOPMENT L.L.C,2025-05-15 00:00:00,2027-05-15 00:00:00,2025-05-27 14:23:12,Normal,31007677.0,1011226743829007.0,ACTIVE,2.01,2025-07-21 08:59:05,,G + 2P + 8 + Roof - RESIDENTIAL BUILDING,Palm Deira,Trakhees,0.0,0.0,0.0,63.0,
3715,La Vue Parc,1971.0,MAAIA PRIME REAL ESTATE DEVELOPERS L.L.C,2025-09-15 00:00:00,2027-09-15 00:00:00,2025-08-18 15:28:01,Normal,28000000.0,3718478283403.0,ACTIVE,0.0,2025-06-14 17:19:07,,G+2P+6+R Residential Building,Nad Al Shiba First,Dubai Development Authority (DDA),0.0,0.0,0.0,46.0,
3716,MAISON MARGIELA RESIDENCES,1300.0,ALTA REAL ESTATE DEVELOPMENT L.L.C,2025-03-28 00:00:00,2028-03-27 00:00:00,,Normal,167581039.0,,PENDING,1.89,2025-09-15 16:22:00,,Proposed Residential Building: 1B+G+13+Roof,Palm Jumeirah,,1.0,0.0,0.0,0.0,
3717,Floarea Skies,1542.0,MASHRIQ ELITE REAL ESTATE DEVELOPMENT L.L.C,2025-08-01 00:00:00,2028-12-31 00:00:00,2025-06-19 13:32:58,Normal,63500000.0,13613635820002.0,ACTIVE,0.0,2025-04-23 13:20:05,,Residential Building (G+4P+16+Roof) ,Al Barsha South Fourth,Trakhees,0.0,0.0,0.0,200.0,
3719, CHELSEA RESIDENCES BY DAMAC,2117.0,DAMAC CREST DEVELOPMENT L.L.C,2025-07-19 00:00:00,2029-12-31 00:00:00,2025-04-30 10:55:05,Normal,249233830.0,1582176820101.0,ACTIVE,0.0,2025-04-23 13:58:47,,"Project consists of G+2P+25 Floors(Tower A) + 28Floors(Tower B) + 30 Floors(Tower C) + Roof, residential building located in Dubai Maritime City, Dubai.The building are designed to have a concrete structure and block with internal and external finishes.",Madinat Dubai Almelaheyah,Trakhees,0.0,0.0,0.0,1001.0,
3720,Villea West,2050.0,PALMRIDGE REAL ESTATE DEVELOPMENT L.L.C,2025-08-01 00:00:00,2027-11-01 00:00:00,2025-07-03 12:10:10,Normal,85250000.0,3538490646306.0,ACTIVE,0.0,2025-05-21 08:41:42,,G+2P+8F.The project designed to have a concrete structure and block with internal and external finishes.,Al Satwa,Dubai Development Authority (DDA),0.0,0.0,0.0,229.0,
3721,Sea View Residence By Sama Mayas,1853.0,SAMA MAYAS REAL ESTATE DEVELOPMENT L.L.C,2025-04-01 00:00:00,2027-09-30 00:00:00,2025-08-05 16:46:22,Normal,22000000.0,1001785010000002.0,ACTIVE,0.4,2025-05-09 11:37:04,,Residential building (ground floor + 1 parking space + 8 residential floors + roof.The project designed to have a concrete structure and block with internal and external finishes.,Palm Deira,Trakhees,0.0,0.0,0.0,63.0,
3722,Binghatti Moonlight,1051.0,Binghatti Developers FZE,2025-04-15 00:00:00,2026-06-15 00:00:00,2025-06-11 12:39:47,Normal,256000000.0,1582194178101.0,ACTIVE,0.0,2025-04-26 10:56:47,,4B+G+2P+18 FLOORS+1 MECH.+1 AMENITY+ ROOF,Al Jadaf,Dubai Development Authority (DDA),0.0,0.0,0.0,234.0,
3723,Ashley Hills,1213.0,TOWNX REAL ESTATE DEVELOPMENT L.L.C,2025-02-15 00:00:00,2027-03-31 00:00:00,2025-09-16 09:31:14,Normal,220000000.0,19500000798.0,ACTIVE,20.02,2025-04-28 12:57:26,,B+G+6+R.The project designed to have a concrete structure and block with internal and external finishes.,Al Barshaa South Third,Dubai Development Authority (DDA),0.0,0.0,0.0,616.0,
3724,BEACH WALK GRAND 2 BY IMTIAZ,1641.0,IMTIAZ GHD REAL ESTATE DEVELOPMENT L.L.C,2025-07-01 00:00:00,2027-12-15 00:00:00,2025-07-11 09:09:30,Normal,85339941.0,1011225996258012.0,ACTIVE,0.19,2025-08-19 08:50:08,,G+2P+12+R - RESIDENTIAL BUILDING,Palm Deira,Trakhees,0.0,0.0,0.0,108.0,
3725,Binghatti Skyblade,1051.0,Binghatti Developers FZE,2025-02-01 00:00:00,2027-11-30 00:00:00,2025-08-22 12:37:55,Normal,880000000.0,1582194170301.0,ACTIVE,6.02,2025-08-11 10:42:28,,4B + G + 3P + 61 + R,Burj Khalifa,Dubai Development Authority (DDA),0.0,0.0,0.0,621.0,
3726,OASIS RESIDENCES,1124.0,AL HELAL AL ZAHABY REAL ESTATE DEVELOPMENT L.L.C,2025-07-01 00:00:00,2027-07-01 00:00:00,2025-08-07 10:05:35,Normal,25000000.0,3717370312519.0,ACTIVE,0.0,2025-04-29 09:47:52,,Residential Building ( G+4 ),Madinat Al Mataar,Dubai South,0.0,0.0,0.0,159.0,
3727,FOREST CITY TOWER 2,1124.0,AL HELAL AL ZAHABY REAL ESTATE DEVELOPMENT L.L.C,2025-06-01 00:00:00,2027-06-01 00:00:00,2025-08-15 11:58:16,Normal,45000000.0,3717370312516.0,ACTIVE,0.0,2025-04-29 11:20:15,,B + G + 13 FLOORS + ROOF,Wadi Al Safa 5,Dubai Development Authority (DDA),0.0,0.0,0.0,194.0,
3728,Aero 1,2270.0,BITHAUS REAL ESTATE DEVELOPMENT L.L.C,2025-07-15 00:00:00,2027-07-15 00:00:00,2025-07-03 23:15:07,Normal,20000000.0,1011226788783002.0,ACTIVE,0.0,2025-05-01 19:28:10,,RESIDENTIAL BUILDING (G+4+Roof),Madinat Al Mataar,Dubai South,0.0,0.0,0.0,48.0,
3729,Gate Eleven Residences ,1710.0,AMWAJ ALKHALEEJ REAL ESTATE DEVELOPMENT L.L.C,2025-05-30 00:00:00,2028-03-31 00:00:00,2025-05-22 13:32:32,Normal,80000000.0,23491510003.0,ACTIVE,0.0,2025-05-01 09:02:11,,PROPOSED 4 BUILDINGS B+G+5+R RESIDENTIAL + RETAILS,Wadi Al Safa 3,Dubai Municipality,0.0,0.0,0.0,189.0,
3733,Eton House,2261.0,SOUTH LIVING REAL ESTATE DEVELOPMENT L.L.C,2025-07-01 00:00:00,2027-03-31 00:00:00,,Normal,21500000.0,,PENDING,0.0,2025-05-02 10:08:57,,G+4+Roof,Madinat Al Mataar,,1.0,0.0,0.0,0.0,
3734,AURESTA TOWER,581.0,TIGER PROPERTIES,2025-05-01 00:00:00,2028-12-31 00:00:00,2025-06-30 14:13:13,Normal,330000000.0,4031225724912014.0,ACTIVE,0.0,2025-06-04 09:32:26,,"MIXED USE ( RESIDENTIAL WITH RETAILS@ GROUND & 3B+G+4P(PARKING)+5(OFFICE)+55 RESIDENTIAL + 3 TeCH (FLOORS 16,35&51)",Al Barsha South Fourth,Trakhees,0.0,0.0,0.0,840.0,
3735,Azizi Milan 9,1002.0,AZIZI DEVELOPMENTS L.L.C,2025-05-01 00:00:00,2027-05-30 00:00:00,2025-05-13 10:35:29,Normal,214000000.0,10174999920274.0,ACTIVE,0.0,2025-05-02 08:50:34,,PROPOSED (3B+G+5P+42+Roof) MIXED USE (RESIDENTIAL+COMMERCIAL),Wadi Al Safa 4,,0.0,0.0,0.0,991.0,
3736,VOXA RESIDENCES,1364.0,PANTHEON ELYSEE REAL ESTATE DEVELOPMENT L.L.C,2025-07-01 00:00:00,2028-12-31 00:00:00,2025-07-29 11:51:54,Normal,160000000.0,12107757920012.0,ACTIVE,0.0,2025-05-02 18:56:13,,"G+4P+29F+R
",Al Barsha South Fifth,Trakhees,0.0,0.0,0.0,596.0,MAISON ELYSEE III BY PANTHEON
3737,Azizi riviera 58 ,1002.0,AZIZI DEVELOPMENTS L.L.C,2025-05-01 00:00:00,2027-05-30 00:00:00,2025-08-13 09:01:49,Normal,60819667.0,10174999920280.0,ACTIVE,48.48,2025-05-01 16:37:42,,Proposed 2B+G+8+R Residential and Commercial building. The project designed to have a concrete structure and block with internal and external finishes.,Al Merkadh,Dubai Municipality,0.0,0.0,0.0,82.0,
3738,Azizi Riviera 66,1002.0,AZIZI DEVELOPMENTS L.L.C,2025-05-01 00:00:00,2027-05-30 00:00:00,2025-06-25 16:23:21,Normal,85771553.0,10174999920284.0,ACTIVE,46.23,2025-05-01 16:45:24,,Proposed 2B+G+8+R+Roof Top Residential and Commercial building. The project designed to have a concrete structure and block with internal and external finishes.,Al Merkadh,Dubai Municipality,0.0,0.0,0.0,112.0,
3739,Azizi Riviera 54 ,1002.0,AZIZI DEVELOPMENTS L.L.C,2025-05-01 00:00:00,2027-05-30 00:00:00,2025-06-25 16:21:35,Normal,81320174.0,1009937960.0,ACTIVE,41.41,2025-07-29 17:17:49,,Proposed 2B+G+9+R Residential and Commercial building,Al Merkadh,Dubai Municipality,0.0,0.0,0.0,128.0,
3740,Azizi Riviera 57 ,1002.0,AZIZI DEVELOPMENTS L.L.C,2025-05-01 00:00:00,2027-05-30 00:00:00,,Normal,92493856.0,,PENDING,0.0,2025-05-01 16:57:12,,G+,Al Merkadh,,1.0,0.0,0.0,0.0,
3741,Azizi Venice 15,1002.0,AZIZI DEVELOPMENTS L.L.C,2025-05-02 00:00:00,2027-05-30 00:00:00,2025-06-09 11:30:38,Normal,295330000.0,10174999920276.0,ACTIVE,0.0,2025-05-02 12:34:36,,PROPOSED TOWER A-(4B+G+16+R) & TOWER B-(4B+G+17+R)RESIDENTIAL & COMMERCIAL Building ,Madinat Al Mataar,Dubai South,0.0,0.0,0.0,1855.0,
3742,Capital Six,2234.0,CENTURION STAR DEVELOPERS L.L.C,2025-05-02 00:00:00,2027-05-02 00:00:00,,Normal,50000000.0,,PENDING,0.0,2025-05-02 12:11:55,,G+20+ROOF,Wadi Al Safa 3,,1.0,0.0,0.0,0.0,
3743,CHELSEA RESIDENCES 2 BY DAMAC,2117.0,DAMAC CREST DEVELOPMENT L.L.C,2025-09-29 00:00:00,2029-12-31 00:00:00,2025-05-12 09:57:26,Normal,321566640.0,14196956920001.0,ACTIVE,0.0,2025-05-02 15:06:37,,"Project consists of G+2P+33 Floors(Tower A) + 30Floors(Tower B) + 33 Floors(Tower C) + Roof, residential building located in Dubai Maritime City, Dubai.The building are designed to have a concrete structure and block with internal and external finishes.",Madinat Dubai Almelaheyah,,0.0,0.0,0.0,1231.0,
3747,ARLINGTON PARK By MAJID,1655.0,MAJID DEVELOPMENTS L.L.C,2025-10-01 00:00:00,2027-12-31 00:00:00,2025-06-27 10:06:36,Normal,36500000.0,205856696105.0,ACTIVE,0.0,2025-05-13 17:57:08,,RESIDENTIAL BUILDING G+2B+11+R,Wadi Al Safa 5,Dubai Development Authority (DDA),0.0,0.0,0.0,140.0,
3748,LUCKY PEARL RESIDENCE,1284.0,LUCKY AEON REAL ESTATE DEVELOPMENT,2025-06-01 00:00:00,2027-09-30 00:00:00,,Normal,60000000.0,,PENDING,0.0,2025-05-07 13:31:06,,Residential Building 2B+G+13 Located on 648-9020 Wadi Al Safa 5,Wadi Al Safa 5,,0.0,0.0,0.0,328.0,
3750,Atelis at d3,1510.0,DHRE 2 BTS L.L.C,2025-08-14 00:00:00,2029-08-14 00:00:00,2025-06-18 16:25:49,Normal,420000000.0,323533988002.0,ACTIVE,0.0,2025-06-12 19:45:36,,"Residential development located in the heart of Dubai Design District (D3), designed as a landmark tower.
The project is one tower (3B+G+42+R) consists of 3 basement levels For services / parking, a ground floor with amenity spaces connected to the main lobby, 42 residential floors, and a rooftop level.
The development comprises a total of 275 residential units, offering a diverse mix of typologies to accommodate varying lifestyle needs. These include:
   1-bedroom apartments
   2-bedroom apartments
   3-bedroom apartments
   4-bedroom apartments
   4-bedroom Sky Villas
 
",Zaabeel Second,Dubai Development Authority (DDA),0.0,0.0,0.0,280.0,
3751,Villa del Gavi Residences,2022.0,MR EIGHT REAL ESTATE DEVELOPMENT L.L.C,2025-09-07 00:00:00,2027-12-25 00:00:00,2025-07-07 11:52:46,Normal,92527344.0,1434279234.0,ACTIVE,0.0,2025-06-14 17:52:55,,Residential Building (G+2P+12+R),Palm Deira,Trakhees,0.0,0.0,0.0,87.0,
3752,Viani by Meteora,1841.0,METEORA ELITE REAL ESTATE DEVELOPMENTS L.L.C,2025-06-01 00:00:00,2027-06-01 00:00:00,,Normal,24000000.0,,PENDING,0.0,2025-06-11 17:12:37,,Residential / Commercial Building (Ground Floor + Services Floor + 9 Floors),Wadi Al Safa 2,,0.0,0.0,0.0,118.0,
3753,Sukoon by Nuri,2320.0,NURI REAL ESTATE DEVELOPMENT L.L.C,2025-05-01 00:00:00,2026-12-31 00:00:00,2025-09-17 17:08:39,Normal,30000000.0,800008638002.0,ACTIVE,13.13,2025-09-04 18:28:46,,1B+G+5+1R,Nad Al Shiba First,Dubai Municipality,0.0,0.0,0.0,41.0,
3754,Norah Residence,1960.0,AL TAREQ STAR REAL ESTATE DEVELOPMENT L.L.C,2025-10-14 00:00:00,2027-06-30 00:00:00,2025-06-13 11:18:04,Normal,80000000.0,205895282806.0,ACTIVE,0.0,2025-05-12 10:36:04,,G+4P+12 Floors + Retail,Al Barsha South Fourth,Trakhees,0.0,0.0,0.0,184.0,
3755,Symbolic Zen Residences,2134.0,MOIZZIYAH DEVELOPERS L.L.C,2025-06-15 00:00:00,2027-06-15 00:00:00,2025-05-14 13:33:10,Normal,50000000.0,12038842127.0,ACTIVE,0.0,2025-03-13 13:20:19,,"B + G + 2P + Gym + 16 + Roof +Top Roof Mixed-Use Building on Plot No. AFMU014A at Jabal Ali 1st, Dubai, U.A.E.",Jabal Ali First,Trakhees,0.0,0.0,0.0,92.0,
3756,Agua Residences by Citi Developers - Tower 2,1610.0,CITI DEVELOPERS REAL ESTATE DEVELOPMENT L.L.C,2025-08-01 00:00:00,2027-12-31 00:00:00,2025-06-26 13:54:21,Normal,34414000.0,12300455067.0,ACTIVE,0.0,2025-05-21 11:26:30,,Residential Building (G+2P+8+R) + Retails @ GF,Palm Deira,Trakhees,0.0,0.0,0.0,61.0,
3757,Taiyo Residences,958.0,CONTINENTAL INVESTMENTS LMD L.L.C,2025-05-01 00:00:00,2027-12-31 00:00:00,2025-06-04 15:41:53,Normal,160000000.0,12618210446.0,ACTIVE,0.0,2025-05-08 15:01:06,,"?	The Tayo Residences"" project", which is located on plot No. 3848 and municipality number - 591-9565 in the first Jebel Ali area, which is described as follows:,,,,,
?	1 basement ,,,,,,,,,,,,,,,,,,,,,
?	Ground Podium,,,,,,,,,,,,,,,,,,,,,
?	Number of Floors: 12 Floors ,,,,,,,,,,,,,,,,,,,,,
Number of apartments :379 Apartment ,,,,,,,,,,,,,,,,,,,,,
?	Studio : 100 Units ,,,,,,,,,,,,,,,,,,,,,
?	one Bed room: 213 Units ,,,,,,,,,,,,,,,,,,,,,
?	2 Bed room: 59 Units   ,,,,,,,,,,,,,,,,,,,,,
?	3 Bed room: 7 Units ,,,,,,,,,,,,,,,,,,,,,
?	Swimming Pool,,,,,,,,,,,,,,,,,,,,,
?	Gym,,,,,,,,,,,,,,,,,,,,,
?	Kids Area outdoor,,,,,,,,,,,,,,,,,,,,,
?	BBQ Area outdoor,,,,,,,,,,,,,,,,,,,,,
?	Co- Working Spaces Indoor,,,,,,,,,,,,,,,,,,,,,
?	Gaming Spaces Indoor,,,,,,,,,,,,,,,,,,,,,
",Jabal Ali First""",Dubai Municipality,0.0,0,0,379,,,,,,,,,,,,,,,,
3762,"Residences Du Port, Dubai Marina, Autograph Collection Residences",2104.0,PRIME MARINA PROPERTY DEVELOPERS L.L.C,2025-06-06 00:00:00,2026-06-06 00:00:00,2025-06-10 12:21:49,Normal,46487334.0,1009929959.0,ACTIVE,66.36,2025-05-13 09:40:13,,2P+G+9,Marsa Dubai,Dubai Municipality,0.0,0.0,0.0,1264.0,
3764,IRIDIAN PARK 1,1894.0,OBJ1 REAL ESTATE DEVELOPMENT L.L.C,2025-06-30 00:00:00,2026-12-30 00:00:00,,Normal,28000000.0,,PENDING,0.0,2025-05-19 16:23:50,,"G+P+5+R,The project designed to have a concrete structure and block with internal and external finishes.",Al Barsha South Fourth,,0.0,0.0,0.0,76.0,
3765,IRIDIAN PARK 2,1894.0,OBJ1 REAL ESTATE DEVELOPMENT L.L.C,2025-06-30 00:00:00,2026-12-30 00:00:00,,Normal,26000000.0,,PENDING,0.0,2025-06-03 15:53:10,,G+P+5+R,Al Barsha South Fourth,,0.0,0.0,0.0,86.0,
3766,VISTARA HOUSE 2,1894.0,OBJ1 REAL ESTATE DEVELOPMENT L.L.C,2025-06-09 00:00:00,2027-12-30 00:00:00,2025-07-16 10:16:20,Normal,30000000.0,19464778.0,ACTIVE,0.0,2025-05-20 10:56:07,,B+G+2P+10+R,Jabal Ali First,Trakhees,0.0,0.0,0.0,82.0,
3767,Beverly Grande,1220.0,H M B HOMES REAL ESTATE DEVELOPMENT,2025-08-15 00:00:00,2027-12-31 00:00:00,2025-05-28 13:03:43,Normal,95000000.0,19500000788.0,ACTIVE,0.0,2025-05-15 18:54:01,,1B+G+10Storey Residential Building. The project designed to have a concrete structure and block with internal and external finishes.,Al Hebiah First,Dubai Development Authority (DDA),0.0,0.0,0.0,296.0,
3768,AURELIA RESIDENCE,1579.0,OBJECT ONE REAL ESTATE DEVELOPMENT L.L.C,2025-07-21 00:00:00,2028-03-30 00:00:00,2025-08-22 09:17:11,Normal,65000000.0,19489330.0,ACTIVE,0.0,2025-05-27 10:12:40,,U.G+G+3P+23+MF+R,Al Hebiah Fourth,Dubai Development Authority (DDA),0.0,0.0,0.0,280.0,
3769,Veda by AUM One Real Estate Development,2160.0,AUM ONE REAL ESTATE DEVELOPMENT L.L.C,2025-04-01 00:00:00,2028-04-30 00:00:00,2025-08-05 12:57:36,Normal,28000000.0,1034026004003.0,ACTIVE,0.0,2025-05-14 09:17:27,,B+G+4+R,Al Barsha South Fourth,Trakhees,0.0,0.0,0.0,69.0,
3770,Royal Yacht Club Residence,2200.0,AZIMUTH DEVELOPMENT L.L.C,2025-05-10 00:00:00,2027-11-10 00:00:00,,Normal,75000000.0,,PENDING,3.15,2025-05-14 09:37:15,,Residential Building G+2P+(14 Floors Residential Tower A)+(14 Floors Residential Tower B)+Retail,Palm Deira,,0.0,0.0,0.0,147.0,
3772,The LX,1978.0,MULK PROPERTIES L.L.C,2025-06-01 00:00:00,2027-08-30 00:00:00,2025-05-27 14:41:53,Normal,46000000.0,205892999203.0,ACTIVE,0.0,2025-05-20 11:12:27,,"2B+G+6+R, Retail and Office Building on Plot No. 6731149 at Al Barsha South
Third, Dubai, U.A.E.The project designed to have a concrete structure and block with internal and external finishes.",Al Barshaa South Third,Dubai Development Authority (DDA),0.0,0.0,0.0,74.0,
3773,MARWA VIEWS,1026.0,NEW WORLD DEVELOPMENTS L.L.C,2025-06-01 00:00:00,2027-03-31 00:00:00,,Normal,24376058.0,,PENDING,,,,G+P+5+R COMMERCIAL AND RESIDENTIAL,Al Barsha South Fifth,,1.0,0.0,0.0,0.0,
3774,Cove Grand Residence by Imtiaz,2275.0,IMTIAZ COVE REAL ESTATE DEVELOPMENT L.L.C,2025-05-30 00:00:00,2027-12-15 00:00:00,2025-06-12 13:02:31,Normal,120089679.0,11171846016.0,ACTIVE,1.66,2025-09-23 08:59:52,,1B+G+3P+17 RESIDENTIAL BUILDING,Wadi Al Safa 5,Dubai Development Authority (DDA),0.0,0.0,0.0,538.0,
3775,Antalya By Karma,2271.0,KARMA D S C DEVELOPERS L.L.C,2025-10-01 00:00:00,2028-09-30 00:00:00,2025-07-23 12:49:20,Normal,60000000.0,1011226843443002.0,ACTIVE,0.0,2025-05-15 12:22:21,,G+2P+15+R,Al Hebiah Fourth,Dubai Development Authority (DDA),0.0,0.0,0.0,192.0,
3776,Solanki One,1953.0,SOLANKI REAL ESTATE DEVELOPMENT L.L.C,2025-05-30 00:00:00,2028-05-30 00:00:00,2025-08-28 14:42:09,Normal,41000000.0,405922481702.0,ACTIVE,2.52,2025-05-15 13:23:52,,Residential Building: Basement + Ground + 12 Floors + Roof,Wadi Al Safa 5,Dubai Development Authority (DDA),0.0,0.0,0.0,133.0,
3778,California Residences,1199.0,GFH REAL ESTATE L.L.C,2025-06-01 00:00:00,2028-04-01 00:00:00,2025-06-04 12:14:08,Normal,205000000.0,19500000774.0,ACTIVE,0.0,2025-05-19 18:18:43,,Residential Units Building 2B+G+10TYP+ROOF,Wadi Al Safa 4,Dubai Development Authority (DDA),0.0,0.0,0.0,375.0,
3779,Tori By IGO ,1328.0,DIGO REAL ESTATE DEVELOPMENT (BR OF INVEST GROUP OVERSEAS (L L C) ),2025-08-01 00:00:00,2027-04-30 00:00:00,2025-07-01 13:47:05,Normal,85000000.0,4031226108985010.0,ACTIVE,0.0,2025-05-15 09:33:44,,15Villas B+G+1 ,Jabal Ali First,Trakhees,0.0,0.0,15.0,0.0,
3780,MBL Signature,2159.0,MAG 10 PROPERTY DEVELOPMENT DMCC,2025-05-02 00:00:00,2027-03-31 00:00:00,2025-06-17 13:41:54,Normal,200000000.0,13999555920003.0,ACTIVE,35.41,2025-06-03 11:23:45,,"Residential / commercial tower, 6 Basement + Ground + 26 Floors ",Al Thanyah Fifth,Dubai Municipality,0.0,0.0,0.0,453.0,
3781,Rosewell Park,2235.0,ROSEWELL PARK REAL ESTATE DEVELOPMENT LLC,2025-05-16 00:00:00,2027-05-16 00:00:00,,Normal,50000000.0,,PENDING,0.0,2025-05-16 15:40:12,,G+12=ROOF,Wadi Al Safa 5,,1.0,0.0,0.0,0.0,
3784,WYNWOOD RESIDENCES BY IMTIAZ,2323.0,IMTIAZ GI REAL ESTATE DEVELOPMENT L.L.C,2025-06-15 00:00:00,2027-09-30 00:00:00,2025-07-01 13:50:56,Normal,71164714.0,11172876010.0,ACTIVE,0.0,2025-05-20 15:35:12,,G+2P+14+R - RESIDENTIAL BUILDING,Palm Deira,Trakhees,0.0,0.0,0.0,146.0,
3785,Bay Grove Residences D - Dubai Islands,105.0,DUBAI ISLANDS L.L.C,2025-08-17 00:00:00,2028-09-15 00:00:00,2025-06-20 15:42:03,Normal,346485280.0,19000089493.0,ACTIVE,0.0,2025-05-20 17:48:46,,"The Project is a Residential Buildings located at
Dubai Islands. The Project Introduces one combined
Basement, one combined Ground + 4 Buildings:
BG 12 = B+G+13+R (63 Units)
BG 13 = B+G+17+R (84 Units)
BG 14 = B+G+20+R (101 Units)
BG 15 = B+G+04+R (09 Units)",Palm Deira,Trakhees,0.0,0.0,0.0,257.0,
3786,NUMA RESERVE ,2052.0,MIRFA SERENITY REAL ESTATE DEVELOPMENT L.L.C,2025-06-13 00:00:00,2026-12-31 00:00:00,2025-06-25 12:17:45,Normal,80000000.0,205900652703.0,ACTIVE,0.0,2025-05-23 10:57:48,,Villas ,Wadi Al Safa 3,Dubai Municipality,0.0,0.0,35.0,0.0,
3787,Chapter 01 By Newbury Developments,2244.0,NEWBURY REAL ESTATE DEVELOPMENT L.L.C,2025-10-01 00:00:00,2028-10-01 00:00:00,2025-10-09 13:38:31,Normal,47018400.0,800008563002.0,ACTIVE,0.0,2025-06-17 15:03:13,,Residential Building (G+2P+7 floors +Roof),Warsan Fourth,Trakhees,0.0,0.0,0.0,127.0,
3788,AURA PRESTIGE,1676.0,AURA INFINITE REAL ESTATE DEVELOPMENT L.L.C,2025-06-01 00:00:00,2026-11-01 00:00:00,2025-09-25 15:12:33,Normal,38000000.0,1582193587201.0,ACTIVE,0.0,2025-05-22 07:18:06,,Lower Ground + Ground + 8 Floor Retail and Residential Development ,Nadd Hessa,Dubai Silicon Oasis Authority,0.0,0.0,0.0,81.0,
3789,Capital One,2234.0,CENTURION STAR DEVELOPERS L.L.C,2025-07-01 00:00:00,2028-07-08 00:00:00,2025-06-10 14:05:45,Normal,60000000.0,80260600000036.0,ACTIVE,0.0,2025-05-22 10:22:57,,3B+G+5P+23+S+R,Al Barsha South Fourth,Trakhees,0.0,0.0,0.0,128.0,
3790,Avana Residences by DECA Real Estate Development,2149.0,DECA REAL ESTATE DEVELOPMENT L.L.C,2025-05-31 00:00:00,2027-11-30 00:00:00,2025-08-26 16:24:47,Normal,34300000.0,11172240011.0,ACTIVE,0.0,2025-05-23 10:42:14,,G+P+4F+R,Al Barsha South Fourth,Trakhees,0.0,0.0,0.0,167.0,
3791,Samana Parkville,1598.0,SAMANA SIGNATURE REAL ESTATE DEVELOPMENTS L.L.C,2025-06-01 00:00:00,2028-09-30 00:00:00,2025-06-10 14:30:54,Normal,112601096.0,1582183420501.0,ACTIVE,0.0,2025-05-22 14:52:05,,"3B+G+20F+R Res.The project designed to have a concrete structure and block with internal and external finishes.
",Wadi Al Safa 5,Dubai Development Authority (DDA),0.0,0.0,0.0,362.0,
3792,AVANT GARDE RESIDENCES II BY SKYLINE,1603.0,SKYLINE BUILDERS REAL ESTATE L.L.C,2025-10-01 00:00:00,2028-09-30 00:00:00,2025-07-25 15:35:52,Normal,120000000.0,4031225744852006.0,ACTIVE,0.0,2025-05-23 13:09:16,,RESIDENTIAL BUILDING (B+G+5P+23+R),Al Barsha South Fourth,Trakhees,0.0,0.0,0.0,223.0,
3793,OCTA ISLE Interiors by MISSONI,2087.0,OCTA DI DEVELOPMENT CO. L.L.C,2025-08-01 00:00:00,2027-09-30 00:00:00,2025-08-28 13:42:12,Normal,70265916.0,205922398102.0,ACTIVE,0.0,2025-05-22 17:56:46,,"G+2P+12 Floors+Roof Residential Building, on Plot no. DIA-R-0163 (1010331) at Nakhlat Deira, Dubai, UAE",Palm Deira,Trakhees,0.0,0.0,0.0,112.0,
3794,Azizi Riviera 64,1002.0,AZIZI DEVELOPMENTS L.L.C,2025-05-23 00:00:00,2027-05-30 00:00:00,2025-08-13 14:33:45,Normal,85065747.0,10174999920286.0,ACTIVE,40.98,2025-05-23 16:09:08,,PROPOSED RESIDENTIAL BUILDING (2B+G+9F+ROOF),Al Merkadh,Dubai Municipality,0.0,0.0,0.0,127.0,
3795,Azizi Riviera 68 ,1002.0,AZIZI DEVELOPMENTS L.L.C,2025-05-23 00:00:00,2027-05-30 00:00:00,2025-06-25 16:25:08,Normal,85812689.0,10174999920282.0,ACTIVE,32.14,2025-05-23 16:16:56,,PROPOSED RESIDENTIAL BUILDING (2B+G+8+ROOF),Al Merkadh,Dubai Municipality,0.0,0.0,0.0,112.0,
3796,Samana Hills South,1598.0,SAMANA SIGNATURE REAL ESTATE DEVELOPMENTS L.L.C,2025-06-01 00:00:00,2028-05-15 00:00:00,2025-06-25 14:08:08,Normal,98102280.0,14244039820002.0,ACTIVE,0.0,2025-05-26 17:09:26,,"B+G+6+R Res.
",Saih Shuaib 2,Dubai Development Authority (DDA),0.0,0.0,0.0,510.0,
3797,Samana Imperial Garden,1598,SAMANA SIGNATURE REAL ESTATE DEVELOPMENTS L.L.C,2025-07-01 00:00:00,2028-12-31 00:00:00,2025-09-17 16:20:53,Normal,80378210,14244039830005.0,ACTIVE,0.0,2025-05-26 15:04:12,,2B+G+6F+R,Al Barshaa South Third,Dubai Development Authority (DDA),0.0,0.0,0.0,344.0,
3799,Arka Enclave Residences,2129,MANODEV REAL ESTATE DEVELOPMENT L.L.C,2025-10-01 00:00:00,2027-12-31 00:00:00,2025-07-29 11:42:23,Normal,87000000,14215365920002.0,ACTIVE,0.0,2025-05-30 13:09:57,,RETAIL & RESIDENTIAL BUILDING (G+2P+10+RF),Palm Deira,Trakhees,0.0,0.0,0.0,140.0,
3801,City Walk Crestlane 1,1109,CITYWALK RESIDENTIAL 1 L.L.C,2025-09-08 00:00:00,2029-09-30 00:00:00,2025-06-12 12:46:16,Normal,330521695,323556074002.0,ACTIVE,0.0,2025-05-27 19:36:59,,"The project is a standard residential apartment development located at Citywalk. It introduces one level shared basement and ground with 4 retails directly accessed from the building facade adjoining the main lobby.
Building A: B+G+12+R: comprising 99 units, and
Building B: B+G+12+R: comprising 99 units each. In total, the residences include 198 apartments, which offer a mix of unit types: 1-bedroom, 2-bedroom, 3-bedroom, 4-bedroom duplex and penthouse apartments",Al Wasl,Dubai Development Authority (DDA),0.0,0.0,0.0,202.0,
3803,COVE EDITION RESIDENCE 6 BY IMTIAZ,2275,IMTIAZ COVE REAL ESTATE DEVELOPMENT L.L.C,2025-06-10 00:00:00,2027-09-10 00:00:00,2025-06-30 12:22:38,Normal,61017674,11172524014.0,ACTIVE,0.0,2025-05-28 11:51:47,,2B+G+11+R - RESIDENTIAL BUILDING,Wadi Al Safa 5,Dubai Development Authority (DDA),0.0,0.0,0.0,264.0,
3804,DO Residences,2045,ONE INTERNATIONAL REAL ESTATE DEVELOPMENT L.L.C,2025-06-01 00:00:00,2025-12-31 00:00:00,2025-06-02 12:00:57,Normal,79460709,7771225999852022.0,ACTIVE,,,,"Building Composition:

Basement Level: Dedicated parking facilities.
Ground Floor: Features the main entrance lobby, an all-day dining restaurant, professional recording studios, and back-of-house operations.
Typical Floors (1st to 7th): Comprising 120 elegantly designed hotel apartments across seven levels, offering a variety of unit types:
Unit Mix:

49- Studios
42 - One-Bedroom Apartments
22- Two-Bedroom Apartments
7- Three-Bedroom Apartments",Palm Deira,Trakhees,0.0,0.0,0.0,120.0,
3806,Acasa By Nusuk,2296,NUSUK REAL ESTATE DEVELOPMENT L.L.C,2025-09-15 00:00:00,2027-03-15 00:00:00,,Normal,50000000,,PENDING,0.0,2025-06-17 16:30:39,,.,Madinat Al Mataar,,1.0,0.0,0.0,0.0,
3807,Forum 2,2377,K X G REAL ESTATE DEVELOPMENT L.L.C,2025-07-25 00:00:00,2027-06-25 00:00:00,,Normal,36000000,,PENDING,0.0,2025-06-26 10:21:03,,2B+ G+8+R residential ,Wadi Al Safa 3,,0.0,0.0,0.0,77.0,
3811,SUNSET BAY FIVE by Imtiaz,2212,IMTIAZ UG REAL ESTATE DEVELOPMENT L.L.C,2025-06-15 00:00:00,2027-10-15 00:00:00,2025-07-04 15:20:59,Normal,31307677,1011226813396004.0,ACTIVE,1.04,2025-09-26 08:21:59,,G+2P+8+R - RESIDENTIAL BUILDING,Palm Deira,Trakhees,0.0,0.0,0.0,62.0,
3812,Samana Business Park,1598,SAMANA SIGNATURE REAL ESTATE DEVELOPMENTS L.L.C,2025-06-01 00:00:00,2028-09-30 00:00:00,2025-06-23 12:17:51,Normal,49000000,1582185594701.0,ACTIVE,0.0,2025-06-02 13:28:56,,"UB+2B+G+8+R Commercial
",Wadi Al Safa 3,Dubai Development Authority (DDA),0.0,0.0,0.0,103.0,
3813,ORCHID RESIDENCE,1653,WEST F 5 DEVELOPMENT L.L.C,2025-09-01 00:00:00,2026-10-30 00:00:00,,Normal,36037265,,PENDING,,,,2B + G + 4 Floors,Al Barsha South Fourth,,1.0,0.0,0.0,0.0,
3814,Azizi Venice 16,1002,AZIZI DEVELOPMENTS L.L.C,2025-06-02 00:00:00,2027-06-02 00:00:00,2025-06-25 16:27:03,Normal,215500000,10174999920278.0,ACTIVE,0.0,2025-06-02 15:21:37,,PROPOSED RESIDENTIAL and COMMERCIAL BUILDING (4B+G+15+ROOF),Madinat Al Mataar,Dubai South,0.0,0.0,0.0,1055.0,
3815,Arib Collection,1650,ARIB PROPERTIES FOR REAL ESTATE DEVELOPMENT   EST.,2025-10-01 00:00:00,2027-12-01 00:00:00,2025-07-31 19:39:27,Normal,17500000,1009972991.0,ACTIVE,0.0,2025-06-23 16:40:38,,G+8+R Residential Building,Wadi Al Safa 5,Dubai Development Authority (DDA),0.0,0.0,0.0,49.0,
3816,Velos Residence,2370,CITY VIEW URBAN REAL ESTATE DEVELOPMENT L.L.C,2025-09-01 00:00:00,2028-10-31 00:00:00,2025-09-25 11:51:27,Normal,200000000,200857792.0,ACTIVE,0.0,2025-06-27 11:23:46,,G+2P+30+R,Al Hebiah First,Dubai Development Authority (DDA),0.0,0.0,0.0,412.0,
3817,Azizi Milan 28,1002,AZIZI DEVELOPMENTS L.L.C,2025-06-03 00:00:00,2027-06-03 00:00:00,2025-07-04 16:31:42,Normal,119200000,1009937234.0,ACTIVE,0.0,2025-06-03 15:03:22,,PROPOSED (3B+G+5P+34F+ROOF) MIXED USE (RESIDENTIAL + RETAIL) Building,Wadi Al Safa 4,Dubai Development Authority (DDA),0.0,0.0,0.0,629.0,
3819,Binghatti Circle ,1051,Binghatti Developers FZE,2025-06-01 00:00:00,2027-05-31 00:00:00,2025-07-22 13:04:10,Normal,400000000,1582188855001.0,ACTIVE,0.0,2025-06-10 15:01:57,,2B + G + 4P + 58 FLOORS + 3MECH. + 3STR. + ROOF,Al Barsha South Fourth,Trakhees,0.0,0.0,0.0,822.0,
3820,Jumeirah Residences Emirates Towers,1510,DHRE 2 BTS L.L.C,2025-09-01 00:00:00,2030-09-01 00:00:00,2025-07-07 12:19:19,Normal,2140430459,19000089784.0,ACTIVE,0.0,2025-06-30 01:29:40,,"The project is a residential apartments located at Trade Center Second. It introduces 4 levels shared basement and ground level with buildings? entrance lobby:
Tower A: 4B+G+59+R: comprising 394 units, &
Tower B: 4B+G+56+R: comprising 360 units each. In total, the residences include 754 apartments, which offer a mix of unit types: 1-bedroom, 2-bedroom, 3-bedroom and 4-bedroom apartments.
",Trade Center Second,Dubai Development Authority (DDA),0.0,0.0,0.0,754.0,
3821,Greenfield Living,2031,GREENFIELD REAL ESTATE DEVELOPMENT L.L.C,2025-04-01 00:00:00,2026-12-31 00:00:00,2025-09-01 12:58:21,Normal,20000000,14187846920002.0,ACTIVE,0.0,2025-06-17 16:13:38,,G+4,Madinat Al Mataar,Dubai South,0.0,0.0,0.0,52.0,
3824,Gate Royale Residences,2058,BARON PRIME REAL ESTATE DEVELOPMENT L.L.C,2025-06-03 00:00:00,2027-06-02 00:00:00,2025-07-28 09:37:25,Normal,45000000,1011226168754002.0,ACTIVE,0.0,2025-06-10 15:10:44,,G+2P+9,Jabal Ali First,Trakhees,0.0,0.0,0.0,61.0,
3826,Kingdom Gate,2219,KINGDOM GATE PROPERTY DEVELOPMENT L.L.C,2025-04-01 00:00:00,2027-03-31 00:00:00,,Normal,66400000,,PENDING,16.5,2025-06-04 18:54:07,,2B+G+2P+15+R ,Jabal Ali First,,1.0,0.0,0.0,0.0,
3827,Sunlight Homes,1144,SUNN AND SAND DEVELOPERS,2025-06-30 00:00:00,2027-09-30 00:00:00,2025-08-22 13:25:30,Normal,21500000,11218648920005.0,ACTIVE,0.0,2025-07-22 12:59:22,,Residential Building Underground + Ground+ Podium + 6 Floors,Warsan Fourth,Trakhees,0.0,0.0,0.0,30.0,
3829,Samana Barari Avenue,1598,SAMANA SIGNATURE REAL ESTATE DEVELOPMENTS L.L.C,2025-06-01 00:00:00,2028-10-31 00:00:00,2025-07-02 14:00:22,Normal,190000000,1582187009401.0,ACTIVE,0.0,2025-06-10 11:40:39,,"3B+G+3P+25F+R Commercial
",Wadi Al Safa 3,Dubai Development Authority (DDA),0.0,0.0,0.0,349.0,
3830,Flow Residences,1836,MAIN REALTY REAL ESTATE L.L.C,2025-10-01 00:00:00,2027-10-31 00:00:00,2025-06-30 11:53:37,Normal,33500000,200853844.0,ACTIVE,0.0,2025-06-10 19:47:17,,Ground + 1 Podium + 6 Floors,Palm Deira,Trakhees,0.0,0.0,0.0,50.0,
3831,Manam Pearl,2030,MANAM REAL ESTATE DEVELOPMENT L.L.C,2025-07-01 00:00:00,2028-06-30 00:00:00,2025-08-11 14:02:47,Normal,32375000,323560862003.0,ACTIVE,0.0,2025-06-30 10:32:15,,"B+G+2P+11+Service + Roof floor building
",Jabal Ali First,Trakhees,0.0,0.0,0.0,79.0,
3833,THE BOROUGH,1255,ICONIC VISTA REAL ESTATE DEVELOPMENT,2025-08-01 00:00:00,2028-03-31 00:00:00,2025-09-08 14:54:56,Normal,35000000,205915426003.0,ACTIVE,0.0,2025-07-14 16:29:07,,G+5P+17F+R,Al Barsha South Fourth,Trakhees,0.0,0.0,0.0,157.0,
3834,Rosehill,984,DUBAI HILLS ESTATE L.L.C,2025-08-13 00:00:00,2029-06-30 00:00:00,2025-06-20 11:03:33,Normal,505593064,4031223791259019.0,ACTIVE,0.0,2025-06-12 12:26:40,,"Residential Building with
Description Block A (B+G+P+21+R)
Block B (B+G+P+21+R)
Block C (B+G+P)
Total Residential units: 555 
",Hadaeq Sheikh Mohammed Bin Rashid,Dubai Development Authority (DDA),0.0,0.0,0.0,555.0,
3836,SPORTS VIEW RESIDENCE 2 BY AL HELAL AL ZAHABY,1124,AL HELAL AL ZAHABY REAL ESTATE DEVELOPMENT L.L.C,2025-08-01 00:00:00,2027-01-31 00:00:00,,Normal,18000000,,PENDING,0.0,2025-06-14 08:17:50,,RESIDENTIAL BUILDING (G+ 6 TYPICAL) ,Warsan Fourth,,1.0,0.0,0.0,0.0,
3837,997 Residences by Reef Luxury Development,1944,REEF LUXURY DEVELOPMENT L.L.C,2025-07-15 00:00:00,2028-03-30 00:00:00,2025-09-04 15:44:38,Normal,45000000,1011226141046010.0,ACTIVE,0.0,2025-06-13 09:40:51,,"G+2P+8 Residential Building
Consist of 1 Bedroom with Balcony =23 Rooms, 2 Bedroom with Balcony =36 Rooms, 3 Bedroom with Balcony =3 Rooms + 4 Bedroom with Balcony = 1 Room
Total of 63 Rooms
",Palm Deira,Trakhees,0.0,0.0,0.0,63.0,
3841,Aizel Tower,2287,M A A K D R E A M O N E PROPERTIES L.L.C,2025-08-01 00:00:00,2027-08-31 00:00:00,,Normal,27000000,,PENDING,0.0,2025-07-07 18:03:58,,Residential Building (U/G Tank+B+G+5+ROOF),Warsan Fourth,,0.0,0.0,0.0,94.0,
3842,ALTA VIEW SKYHOMES,1579,OBJECT ONE REAL ESTATE DEVELOPMENT L.L.C,2025-08-01 00:00:00,2029-06-30 00:00:00,2025-06-20 12:26:29,Normal,130000000,19452513.0,ACTIVE,0.0,2025-06-16 16:18:26,,B+G+5P+2MF+46+R,Al Barsha South Fourth,Trakhees,0.0,0.0,0.0,507.0,
3843,PURE TOWN,2089,LIVEX REALESTATE L.L.C,2025-06-23 00:00:00,2026-10-22 00:00:00,,Normal,18350000,19500000782.0,PENDING,0.0,2025-06-19 13:53:42,, Residential Townhouses B + G + 2 + ROOF,Al Barsha South Fourth,,0.0,0.0,13.0,0.0,
3844,Azizi Amir ,1002,AZIZI DEVELOPMENTS L.L.C,2025-06-17 00:00:00,2027-06-17 00:00:00,2025-07-17 09:08:21,Normal,51500000,11172324019.0,ACTIVE,0.0,2025-06-17 16:59:41,,G+ 2P + 9 + R Residential Building,Jabal Ali First,Trakhees,0.0,0.0,0.0,104.0,
3845,Azizi Sikander,1002,AZIZI DEVELOPMENTS L.L.C,2025-06-17 00:00:00,2027-06-17 00:00:00,2025-07-24 09:44:34,Normal,50000000,11172326014.0,ACTIVE,0.0,2025-06-17 17:30:50,,3B + G + 2P + 11 Hotel Apartments,Jabal Ali First,Trakhees,0.0,0.0,0.0,226.0,
3846,CROWN PALACE,2001,AMIRAH LIVING DEVELOPER L.L.C,2025-09-01 00:00:00,2028-09-30 00:00:00,,Normal,25000000,1011226106287005.0,PENDING,0.0,2025-06-23 17:27:13,,G+6+R,Madinat Al Mataar,,0.0,0.0,0.0,104.0,
3847,Berkeley Square by Prestige One,2257,PRESTIGE LUXE REAL ESTATE DEVELOPMENT L.L.C,2025-07-01 00:00:00,2028-03-30 00:00:00,2025-07-25 09:17:34,Normal,70000000,405920610405.0,ACTIVE,0.0,2025-06-18 18:17:19,,2B+G+5+ROOF,Al Barsha South Fourth,Trakhees,0.0,0.0,0.0,241.0,
3848,Flora Bay,2136,CAY RESIDENCES REAL ESTATE DEVELOPMENT L.L.C,2025-06-19 00:00:00,2027-06-19 00:00:00,,Normal,50000000,,PENDING,,,,G+12+ROOF,Palm Deira,,1.0,0.0,0.0,0.0,
3849,ARTHOUSE RESIDENCES TOWER A by AVIAAN,2065,AVIAAN REAL ESTATE DEVELOPMENT L.L.C,2025-10-01 00:00:00,2027-11-30 00:00:00,2025-09-30 17:58:18,Normal,18500000,1434279244.0,ACTIVE,0.0,2025-07-02 18:36:40,,B+G+P+5 Mixed - Use Residential & Retail,Nad Al Shiba First,Dubai Municipality,0.0,0.0,0.0,47.0,
3850,Trevino,1826,AVELON REAL ESTATE DEVELOPMENT L.L.C,2025-08-01 00:00:00,2027-06-30 00:00:00,2025-09-15 13:16:23,Normal,33000000,205859658405.0,ACTIVE,0.0,2025-06-24 08:46:19,,RESIDENTIAL BUILDING (G+1P+5F+R),Al Barsha South Fourth,Trakhees,0.0,0.0,0.0,109.0,
3851,Unique One,2125,ZENITH LUXURY REAL ESTATE DEVELOPMENT L.L.C,2025-09-01 00:00:00,2026-12-30 00:00:00,,Normal,24050558,,PENDING,0.0,2025-06-30 17:00:59,,Residential Building (G+4+R),Madinat Al Mataar,,0.0,0.0,0.0,43.0,
3852,ELTIERA HEIGHTS,2371,ELLINGTON PCFC DEVELOPERS L.L.C,2025-06-19 00:00:00,2028-12-31 00:00:00,2025-09-11 14:29:44,Normal,350000000,323600623002.0,ACTIVE,0.0,2025-06-24 15:00:46,,Mixed Use - Residential with Retail (B+G+3P+37+R),Al Thanyah Fifth,Trakhees,0.0,0.0,0.0,357.0,
3853,Sartoria,1584,PINNACLE A K S REAL ESTATE DEVELOPMENT L.L.C,2025-07-09 00:00:00,2027-10-09 00:00:00,,Normal,58000000,,PENDING,,,,1B+G+16+Roof,Al Hebiah Fourth,,1.0,0.0,0.0,0.0,
3855,Samana Sky Views,1933,SAMANA WORLD REAL ESTATE DEVELOPMENT L.L.C,2025-09-01 00:00:00,2028-07-31 00:00:00,2025-08-14 13:16:13,Normal,146579750,14261707830001.0,ACTIVE,0.0,2025-06-26 12:59:32,,"3B+G+1st+20F+R Res.
",Me'Aisem First,Dubai Development Authority (DDA),0.0,0.0,0.0,556.0,
3856,VERDANIA 3,1894,OBJ1 REAL ESTATE DEVELOPMENT L.L.C,2025-07-15 00:00:00,2026-12-30 00:00:00,,Normal,31000000,,PENDING,,,,B+G+11+R,Wadi Al Safa 5,,0.0,0.0,0.0,142.0,
3857,COURTYARD ONE,2206,GOLDEN LIGHT REAL ESTATE DEVELOPMENTS L.L.C,2025-09-01 00:00:00,2027-09-01 00:00:00,,Normal,22000000,205932981903.0,PENDING,0.0,2025-07-12 13:12:19,,G+4 Residential Building,Madinat Al Mataar,,0.0,0.0,0.0,47.0,
3859,Nad Al Sheba Gardens Phase 10,1762,NAS ESTATES L.L.C,2025-09-01 00:00:00,2028-10-01 00:00:00,2025-07-09 14:14:04,Normal,690000000,205865423610.0,ACTIVE,0.0,2025-06-25 18:48:31,," Total number of 201 Residential Townhouses & Villas (G+1 & G+2) as follows:
-	4 - (6-Plex) Townhouse 3-Bedroom (G+1)
-	5 - (4-Plex) Townhouse 3-Bedroom (G+2)
-	10 - (6-Plex) Townhouse 3-Bedroom (G+2)
-	27 of 4-Bedroom Villa (G+2)
-	39 of 5-Bedroom Villa (G+2)
-	22 of 6-Bedroom Villa (G+2)
-	9   of 7-Bedroom Villa (G+2)
",Nad Al Shiba First,Dubai Development Authority (DDA),0.0,0.0,201.0,0.0,
3860,Nad Al Sheba Gardens Phase 8 & 9,1762,NAS ESTATES L.L.C,2025-09-01 00:00:00,2028-10-01 00:00:00,2025-07-10 13:08:33,Normal,690000000,205865423612.0,ACTIVE,0.0,2025-06-25 19:15:45,,"Total number of 201 Residential Townhouses & Villas (G+1 & G+2) as follows:
-	2 - (6-Plex) Townhouse 3-Bedroom (G+1)
-	11 - (4-Plex) Townhouse 3-Bedroom (G+2)
-	1 - (6-Plex) Townhouse 3-Bedroom (G+2)
-	32 - 4-Bedroom Villa (G+2)
-	21 - 4-Bedroom Villa (G+1)
-	37 - 5-Bedroom Villa (G+2)
-	7 - 5-Bedroom Villa (G+1)
-	27 - 6-Bedroom Villa (G+2)
-	15 - 7-Bedroom Villa (G+2)
",Nad Al Shiba First,Dubai Development Authority (DDA),0.0,0.0,201.0,0.0,
3861,Ventana Residences,2222,ZEDOR REAL ESTATE DEVELOPMENT L.L.C,2025-09-01 00:00:00,2027-10-01 00:00:00,,Normal,35000000,,PENDING,0.0,2025-07-09 20:06:12,,B+G+5+Roof,Warsan Fourth,,0.0,0.0,0.0,127.0,
3863,Sana Business Park,2034,NOOR PRIMO REAL ESTATE DEVELOPMENT L.L.C,2025-09-30 00:00:00,2027-09-30 00:00:00,,Normal,35000000,,PENDING,,,,G+2+4,Wadi Al Safa 3,,1.0,0.0,0.0,0.0,
3864,GFS Coventry Gardens II,2224,G F S REAL ESTATE DEVELOPMENT L.L.C,2025-09-30 00:00:00,2027-11-30 00:00:00,2025-08-18 15:31:24,Normal,42000000,800008404002.0,ACTIVE,0.0,2025-07-22 17:31:18,,2B+G+11+ROOF,Wadi Al Safa 5,Dubai Development Authority (DDA),0.0,0.0,0.0,134.0,
3865,AB Hills,1514,AB DEVELOPERS L.L.C,2025-10-01 00:00:00,2027-09-30 00:00:00,,Normal,16000000,,PENDING,0.0,2025-07-01 10:00:10,,G+4,Saih Shuaib 1,,1.0,0.0,0.0,0.0,
3867,Blue Marina Residence by Shakirov Developments,2355,SHAKIROV DEVELOPMENTS L.L.C,2025-05-01 00:00:00,2027-10-31 00:00:00,,Normal,90600000,,PENDING,1.59,2025-09-04 14:35:25,,2 Nos Residential Building (shared (G+2P) + 2 Towers (8 Floors +Roof),Palm Deira,,0.0,0.0,0.0,125.0,
3871,Samana Barari Heights,1229,SAMANA INTERNATIONAL REAL ESTATE DEVELOPMENT L.L.C,2025-07-01 00:00:00,2028-10-31 00:00:00,2025-08-20 15:07:13,Normal,225000000,1582192368001.0,ACTIVE,0.0,2025-07-08 12:26:17,,"2B+G+M+2P+27F+R Res.
",Wadi Al Safa 3,Dubai Development Authority (DDA),0.0,0.0,0.0,737.0,
3872,Agua Residences by Citi Developers - Tower 1,1610,CITI DEVELOPERS REAL ESTATE DEVELOPMENT L.L.C,2025-08-01 00:00:00,2027-12-31 00:00:00,2025-08-22 15:55:07,Normal,34414000,12530689881.0,ACTIVE,0.0,2025-07-07 14:12:24,,Residential Building (G+2P+8+R)+Retail at Ground Floor ,Palm Deira,Trakhees,0.0,0.0,0.0,61.0,
3873,Al Ghaf 2,234,JERSEY REAL ESTATE DEVELOPMENT L.L.C,2025-08-30 00:00:00,2027-10-30 00:00:00,2025-10-07 14:43:59,Normal,44000000,12111718003.0,ACTIVE,0.0,2025-07-09 10:06:46,,B+G+2P+12+ROOF,Jabal Ali First,Trakhees,0.0,0.0,0.0,79.0,
3874,Arya Residences by Citi Developers,1610,CITI DEVELOPERS REAL ESTATE DEVELOPMENT L.L.C,2025-08-01 00:00:00,2027-12-31 00:00:00,2025-08-08 00:00:00,Normal,40160150,12014038033.0,ACTIVE,0.0,2025-07-09 14:18:53,,Residential Building (G+2P+10+R),Palm Deira,Trakhees,0.0,0.0,0.0,68.0,
3876,The Haven III,1230,MERAKI REAL ESTATE DEVELOPMENT ONE PERSON L.L.C,2025-08-01 00:00:00,2027-12-31 00:00:00,2025-09-02 11:51:34,Normal,45000000,1582195397301.0,ACTIVE,0.0,2025-07-09 19:04:03,,Residential building consisting of Ground Floor + Podium + 7 Typical Floors + Roof,Wadi Al Safa 3,Dubai Development Authority (DDA),0.0,0.0,0.0,85.0,
3878,Ocean Crest byÂ SD,2072,SAMANA PLATINUM REAL ESTATE DEVELOPMENT L.L.C,2025-09-01 00:00:00,2028-06-30 00:00:00,2025-10-09 09:46:48,Normal,34885050,14287165830001.0,ACTIVE,0.0,2025-07-14 14:16:05,,G+2P+8,Palm Deira,,0.0,0.0,0.0,56.0,
3879,Marea,1872,SHARAFI REAL ESTATE DEVELOPMENT L.L.C,2025-07-20 00:00:00,2027-06-20 00:00:00,2025-10-09 13:24:48,Normal,60000000,205929243903.0,ACTIVE,0.0,2025-07-23 14:55:43,,Residential Building(G+2P+12+Roof) with Swimming pool & Gym @ First floor ,Palm Deira,Trakhees,0.0,0.0,0.0,68.0,
3880,Xenia Residence,2263,N Y X REAL ESTATE DEVELOPMENT L.L.C,2025-09-01 00:00:00,2027-03-01 00:00:00,,Normal,25000000,,PENDING,29.29,2025-07-28 13:43:37,,Residential Building (1B+G+4+R),Al Barsha South Fourth,,0.0,0.0,0.0,73.0,
3881,Ocean Bay by Samana Developers ,2072,SAMANA PLATINUM REAL ESTATE DEVELOPMENT L.L.C,2025-09-01 00:00:00,2028-06-30 00:00:00,,Normal,79681150,405933273202.0,PENDING,0.0,2025-09-10 10:30:13,,"Residential Building G+P+8
",Palm Deira,,0.0,0.0,0.0,143.0,
3882,Elevia Residences III,2260,VALORES WBAY PROPERTY DEVELOPMENT L.L.C,2025-08-01 00:00:00,2027-07-31 00:00:00,2025-09-15 10:41:21,Normal,30000000,323561314001.0,ACTIVE,0.0,2025-07-28 16:47:10,,Residential Building(B+G+5+R),Warsan Fourth,,0.0,0.0,0.0,105.0,
3883,Elevia Residences II,2260,VALORES WBAY PROPERTY DEVELOPMENT L.L.C,2025-08-01 00:00:00,2027-07-31 00:00:00,,Normal,32000000,,PENDING,0.0,2025-07-28 17:39:53,,Residential Building (B+G+5+R),Warsan Fourth,,1.0,0.0,0.0,0.0,
3884,White Opals ll,1440,AIZN REAL ESTATE DEVELOPMENT L.L.C,2025-09-15 00:00:00,2028-06-15 00:00:00,,Normal,27000000,,PENDING,0.0,2025-07-22 18:44:38,,Proposed Building(B+G+5+R),Wadi Al Safa 3,,0.0,0.0,0.0,51.0,
3885,Nuvana by Wadan,2166,WADAN REAL ESTATE DEVELOPMENT L.L.C,2025-09-01 00:00:00,2027-09-01 00:00:00,2025-08-20 14:17:45,Normal,26250000,1091226909082003.0,ACTIVE,0.0,2025-07-14 21:18:32,,G+P+6F+R,Palm Deira,Trakhees,0.0,0.0,0.0,57.0,
3888,The Collective,2381,BOLD LIVING REAL ESTATE DEVELOPMENT L.L.C,2025-08-15 00:00:00,2027-02-28 00:00:00,,Normal,30000000,,PENDING,0.0,2025-07-15 20:48:17,,Residential Building G+6 Residential Floor,Madinat Al Mataar,,1.0,0.0,0.0,0.0,
4003,IL VENTO,1961,KORA PROPERTIES L.L.C,2025-09-30 00:00:00,2029-09-30 00:00:00,,Normal,286000000,,PENDING,0.0,2025-09-17 18:38:56,,Residential Building (3B+G+5P+40+R)with Retails @ GF,Madinat Dubai Almelaheyah,,1.0,0.0,0.0,0.0,
4005,Weybridge Gardens 5,1494,LEOS DEVELOPMENT L.L.C,2025-09-01 00:00:00,2027-09-15 00:00:00,2025-09-04 11:21:11,Normal,57000000,12624920920007.0,ACTIVE,0.0,2025-07-24 14:35:47,,"Weybridge Gardens 5 offers uninterrupted views across Dubai land, framed by
petal-inspired architecture that reflects British design excellence. Crafted by
LUD Studios, the residence blends natural forms with contemporary elegance.
From the infinity rooftop pool to Tuscany-style cascading Jacuzzis, every detail
is designed to elevate daily living. Each home features refined interiors, private
pools, and panoramic vistas a serene escape shaped by organic beauty and
timeless British sophistication.",Wadi Al Safa 5,Dubai Development Authority (DDA),0.0,0.0,0.0,168.0,
4006,Binghatti Flare 01,1051,Binghatti Developers FZE,2025-07-15 00:00:00,2027-07-14 00:00:00,2025-08-20 10:05:59,Normal,535000000,1582193595601.0,ACTIVE,0.0,2025-07-27 21:21:02,,B + G + 4P + 40 RESIDENTIAL FLOORS + 2MECH. + ROOF,Al Barsha South Fifth,Trakhees,0.0,0.0,0.0,844.0,
4008,Binghatti Flare 02,1051,Binghatti Developers FZE,2025-07-15 00:00:00,2027-06-15 00:00:00,2025-09-04 14:17:20,Normal,445000000,1582196250001.0,ACTIVE,0.0,2025-07-27 21:26:05,,2B + G + 4P + 34 RESIDENTIAL FLOORS + 2MECH. + ROOF,Al Barsha South Fifth,Trakhees,0.0,0.0,0.0,612.0,
4012,Repose Residence,2339,SAION REAL ESTATE DEVELOPMENT L.L.C,2025-08-01 00:00:00,2027-03-31 00:00:00,2025-09-25 08:49:22,Normal,42685905,12375471002.0,ACTIVE,0.0,2025-07-30 10:04:44,,1B+G+2P+Amenties+15Floors,Jabal Ali First,Trakhees,0.0,0.0,0.0,80.0,
4014,Aquora by Casa Vista Development,2359,CASA VISTA DEVELOPMENT L.L.C,2025-10-11 00:00:00,2028-10-11 00:00:00,2025-10-13 12:34:56,Normal,72000000,200875691.0,PENDING,0.0,2025-07-29 15:14:18,,B+G+7+R Residential with Retail Building,Palm Deira,Trakhees,0.0,0.0,0.0,111.0,
4015,Palace Residences Hillside A,984,DUBAI HILLS ESTATE L.L.C,2025-09-30 00:00:00,2029-06-30 00:00:00,2025-08-07 16:44:06,Normal,387864000,9009223791259016.0,ACTIVE,0.0,2025-07-29 15:39:00,,"Basement + Ground Floor + Podium + 1 Residential Building + 8 Townhouses G + 1 
Tower: B+G+P+20 floors, 351 Residential Units
Townhouse: G + 1, 8 Residential Units
",Hadaeq Sheikh Mohammed Bin Rashid,Dubai Development Authority (DDA),0.0,0.0,0.0,360.0,
4017,Franck Muller Yachting,1596,LONDON GATE REAL ESTATE DEVELOPMENT L.L.C,2025-07-30 00:00:00,2028-07-29 00:00:00,2025-08-15 12:45:31,Normal,174450000,29360768.0,ACTIVE,0.0,2025-07-30 12:15:08,,Residential building ( G+5P+30 floor+ Roof ),Madinat Dubai Almelaheyah,Trakhees,0.0,0.0,0.0,585.0,
4020,THE SERENE,2351,Al Mizan Serene Real Estate Development DWC LLC,2025-04-14 00:00:00,2026-10-13 00:00:00,2025-10-10 11:42:50,Normal,48500000,90030200025486.0,ACTIVE,10.25,2025-09-11 17:07:36,,Proposed Residential Building (GR+4),Madinat Al Mataar,Dubai South,0.0,0.0,0.0,106.0,
4022,Coventry Residence,2053,G F S REAL ESTATE L.L.C,2025-09-30 00:00:00,2027-11-30 00:00:00,,Normal,37000000,19505233.0,PENDING,0.0,2025-08-20 13:42:54,,B+G+5+ROOF,Saih Shuaib 2,,0.0,0.0,0.0,163.0,
4024,Azizi Abraham,1002,AZIZI DEVELOPMENTS L.L.C,2025-08-04 00:00:00,2027-08-04 00:00:00,,Normal,10000000,,PENDING,0.0,2025-08-04 16:58:47,,3B + GROUND + M + 3BA + 16 + R,Jabal Ali Industrial Second,,0.0,0.0,0.0,420.0,
4025,Samana Hills South 2,1598,SAMANA SIGNATURE REAL ESTATE DEVELOPMENTS L.L.C,2025-09-01 00:00:00,2028-08-31 00:00:00,2025-09-04 14:14:21,Normal,37584088,14244039830001.0,ACTIVE,0.0,2025-08-06 18:46:54,,G+5+R RESIDENTIAL BUILDING,Saih Shuaib 2,Dubai Development Authority (DDA),0.0,0.0,0.0,140.0,
4026,Wellington Ocean Walk ,2322,WELLINGTON OCEAN REAL ESTATE DEVELOPMENT L.L.C,2025-09-16 00:00:00,2025-12-31 00:00:00,2025-10-02 15:10:34,Normal,54000000,19500000824.0,ACTIVE,0.0,2025-08-05 16:11:12,,Residential Building G + 2Podium+ 8 residential floors + roof top,Palm Deira,Trakhees,0.0,0.0,0.0,79.0,
4027,Lincoln Star Residence II,2395,LINCOLN RISE REAL ESTATE DEVELOPMENT L.L.C,2025-09-01 00:00:00,2027-08-31 00:00:00,,Normal,15000000,,PENDING,0.0,2025-08-06 11:26:31,," This project consists of (G+4+R) Residential Building Gound floor + 4 Residential 
floors + Lower & Upper roofs. There are 56. of apartments including 20 nos. of Studio apartments, 8 nos. 
of 1-bedroom apartments, 24 nos. of 2-bedroom apartments and 4 -nos. of 3- bedroom apartments 
(townhouse). There is a facility such as gymnasium and swimming pool with landscaped area for 
residents provided on the fourth-floor level. There are 62 nos. of car parking facilities available for 
residents and for visitors as per the regulations.",Madinat Al Mataar,,1.0,0.0,0.0,0.0,
4029,Ashwood Estates,2249,JGE REAL ESTATE L.L.C,2025-08-20 00:00:00,2028-09-18 00:00:00,2025-09-03 16:43:46,Normal,1282078335,205915786604.0,ACTIVE,0.0,2025-08-07 08:12:53,,G+1+R villas,Me'Aisem First,Trakhees,0.0,0.0,185.0,0.0,
4033,BELMORE RESIDENCES,1117,ELLINGTON PROPERTIES DEVELOPMENT L.L.C,2025-08-07 00:00:00,2027-12-31 00:00:00,2025-08-27 00:00:00,Normal,200000000,3001748623000.0,ACTIVE,0.16,2025-08-08 10:00:52,,Residential and commercial Building (B+G+5P+26F),Bukadra,Dubai Municipality,0.0,0.0,0.0,214.0,
4035,WINDSOR HOUSE ,2420,ELLINGTON SB DEVELOPMENT L.L.C,2025-08-01 00:00:00,2028-12-31 00:00:00,,Normal,250000000,,PENDING,0.0,2025-09-09 13:09:27,,2 Residential Building (2B+G+10),Madinat Al Mataar,,0.0,0.0,0.0,424.0,
4036,RIVERTON HOUSE,1117,ELLINGTON PROPERTIES DEVELOPMENT L.L.C,2025-09-01 00:00:00,2027-12-31 00:00:00,,Normal,115450650,,PENDING,,,,residential building consisting of ( B+G+4P+19+R ),Bukadra,,1.0,0.0,0.0,0.0,
4037,THE HIGHGROVE,1117,ELLINGTON PROPERTIES DEVELOPMENT L.L.C,2025-09-01 00:00:00,2028-12-31 00:00:00,2025-09-12 12:03:36,Normal,284512500,4031224708340008.0,ACTIVE,0.0,2025-08-25 17:48:56,,Residential Building G+4P+ 31F+R+UR,Bukadra,Dubai Municipality,0.0,0.0,0.0,296.0,
4040,Astra Residences,1157,DUGASTA PROPERTIES DEVELOPMENT L.L.C,2025-09-01 00:00:00,2027-04-30 00:00:00,,Normal,32000000,,PENDING,,,,G+4+R,Madinat Al Mataar,,1.0,0.0,0.0,0.0,
4042,Sobha Central Phase II,966,SOBHA L.L.C,2025-10-01 00:00:00,2030-06-30 00:00:00,2025-09-29 12:07:53,Normal,1543502250,1640197031601.0,ACTIVE,0.0,2025-08-14 15:03:54,,"Proposed Residential and Commercial Development consist of 2 buildings:
Building 1: 3 Basement + Ground + 60 Floors + 1 Mech + Roof
Building 2: 3 Basement + Ground + 65 Floors + 1 Mech + Roof
",Jabal Ali First,Dubai Municipality,0.0,0.0,0.0,4526.0,
4043,Palm 01 by Binghatti ,1051,Binghatti Developers FZE,2025-06-01 00:00:00,2027-04-30 00:00:00,,Normal,695000000,,PENDING,4.34,2025-08-14 15:55:16,,4B + G + 10 RESIDENTIAL FLOORS + ROOF. The project designed to have a concrete structure and block with internal and external finishes.,Palm Jumeirah,,1.0,0.0,0.0,0.0,
4048,SOLEN RESIDENCE by Jamal Living,2196,MOHAMMAD ABUHIJLEH REAL ESTATE DEVELOPMENT L.L.C,2025-08-20 00:00:00,2027-10-30 00:00:00,2025-10-09 15:24:53,Normal,49999000,19500000815.0,ACTIVE,0.0,2025-08-21 18:37:25,,RESIDENTIAL BUILDING (G+2P+9+R FLOORS),Nadd Hessa,Dubai Silicon Oasis Authority,0.0,0.0,0.0,87.0,
4049,Confident Adur,2293,CASA ADUR REAL ESTATE L.L.C,2025-05-01 00:00:00,2028-03-03 00:00:00,,Normal,35200000,,PENDING,,,,Residential 2B+G+19+R Building,Wadi Al Safa 2,,1.0,0.0,0.0,0.0,
4055,Water Front Arena Residences ,2059,SOL ARENA REAL ESTATE DEVELOPMENT L.L.C,2025-08-20 00:00:00,2028-08-01 00:00:00,,Normal,17000000,,CANCELLED,0.0,2025-09-02 19:37:38,,G+2P+8+R Residential Building,Palm Deira,,,,,,
4056,Azure Park Residences,2143,AZURE PREMIER REAL ESTATE DEVELOPMENT L.L.C,2025-09-07 00:00:00,2027-08-07 00:00:00,,Normal,112771414,,PENDING,0.0,2025-08-21 14:03:34,,G+3P+19+R Commercial and Residential Building,Al Barshaa South Second,,0.0,0.0,0.0,174.0,
4059,La Crystal,2208,AL MADAR PROPERTIES L.L.C,2025-10-01 00:00:00,2028-09-30 00:00:00,,Normal,80181000,,PENDING,0.0,2025-09-24 17:11:20,,Residential G+2P+8F+R Building,Palm Deira,,0.0,0.0,0.0,64.0,
4060,CG Living,1733,C G GULF REAL ESTATE DEVELOPMENT L.L.C,2025-06-30 00:00:00,2028-06-30 00:00:00,2025-10-03 13:00:19,Normal,90000000,200881559.0,ACTIVE,0.0,2025-08-22 14:20:51,,1B+G+2P+12 Floors +R Hotel Apartment,Palm Deira,Trakhees,0.0,0.0,0.0,116.0,
4062,Reef 996,1944,REEF LUXURY DEVELOPMENT L.L.C,2025-10-01 00:00:00,2028-09-30 00:00:00,,Normal,80000000,,PENDING,0.0,2025-08-25 15:04:04,,"G+3P+20 Residential Building
Consist of Studio with Balcony =285Rooms, 1 Bedroom with Balcony =141 Rooms, 2 Bedroom with Balcony =66 Rooms + 3 Bedroom with Balcony = 20 Rooms
Total of 512 Rooms
",Me'Aisem First,,1.0,0.0,0.0,0.0,
4063,Stellar Axis by Ajmal Estate Developers,2331,AJMAL ESTATE DEVELOPERS L.L.C,2025-07-01 00:00:00,2026-10-01 00:00:00,,Normal,48000000,,PENDING,0.0,2025-08-26 16:16:16,,Residential Building G+2P+7 Residential Floors,Warsan Fourth,,1.0,0.0,0.0,0.0,
4072,HOUSE OF WELL,2181,WELL CONCEPT REAL ESTATE DEVELOPMENT L.L.C,2025-09-20 00:00:00,2027-05-30 00:00:00,,Normal,64768350,,PENDING,0.0,2025-09-04 17:02:21,,Residential Building (G+2P+10),Palm Deira,,0.0,0.0,0.0,77.0,
4074,Samana Hills South 3,1598,SAMANA SIGNATURE REAL ESTATE DEVELOPMENTS L.L.C,2025-09-01 00:00:00,2028-08-31 00:00:00,,Normal,42057179,405841512105.0,PENDING,0.0,2025-09-10 11:14:05,,"G+5+R
",Saih Shuaib 2,,0.0,0.0,0.0,147.0,
4076,Azizi Wares,1002,AZIZI DEVELOPMENTS L.L.C,2025-09-03 00:00:00,2027-09-03 00:00:00,,Normal,50000000,,PENDING,0.0,2025-09-03 17:00:18,,3B + GROUND + M + 3BA + 16 + R,Jabal Ali Industrial Second,,1.0,0.0,0.0,0.0,
4078,AZRA RESIDENCE,2132,ENAAM PROPERTIES DEVELOPMENT L.L.C,2025-09-01 00:00:00,2027-02-20 00:00:00,,Normal,1000000,,PENDING,,,,Building,Wadi Al Safa 5,,0.0,0.0,0.0,126.0,
4079,Azizi Milan Heights ,1002,AZIZI DEVELOPMENTS L.L.C,2025-09-08 00:00:00,2028-09-08 00:00:00,2025-10-06 08:35:22,Normal,481509200,11177845010.0,ACTIVE,0.0,2025-09-08 11:29:44,,"MIXED USE (RESIDENTIAL + RETAIL)  
Tower A (3B+G+5P+38+R) 
Tower F (3B+G+5P+38+R) 
Tower G (3B+G+5P+42+R) 
Tower H (3B+G+5P+42+R)",Wadi Al Safa 4,Dubai Development Authority (DDA),0.0,0.0,0.0,2852.0,
4080,Vayla Residences,1860,BLUE SQUARE REAL ESTATE DEVELOPMENT L.L.C,2025-04-15 00:00:00,2026-07-14 00:00:00,,Normal,34250000,,PENDING,8.88,2025-09-08 15:31:44,,G+P+6+R,Palm Deira,,0.0,0.0,0.0,53.0,
4082,RYAH LIVING by ALYAKKA,2237,ALYAKKA DEVELOPERS L.L.C,2025-05-01 00:00:00,2026-07-30 00:00:00,,Normal,37000000,,PENDING,27.3,2025-09-08 15:45:17,,Residential Building B+G+8,Al Hebiah Second,,1,0.0,0.0,0.0,
4086,One Residences X Grand Signature ,2138,GRAND SIGNATURE REAL ESTATE DEVELOPMENT L.L.C,2025-01-01 00:00:00,2026-12-31 00:00:00,,Normal,15000000,,PENDING,,,,A 38 Unit residential and 2 store retail mixed use building in DLRC,Wadi Al Safa 5,,1,0.0,0.0,0.0,
4087,ARMAS,1675,ZENITH VENTURES REAL ESTATE DEVELOPMENT L.L.C,2025-09-25 00:00:00,2028-05-14 00:00:00,,Normal,35451210,,PENDING,,,,Proposed G+4+r Residential Building,Madinat Al Mataar,,1,0.0,0.0,0.0,
4092,LEGACY HEIGHTS,2399,LEGACY HOMES DEVELOPMENT DWC - LLC,2025-10-04 00:00:00,2029-04-04 00:00:00,,Normal,35000000,,PENDING,,,,G+6 Residential Building at Plot No. RG-67,Madinat Al Mataar,,1,0.0,0.0,0.0,
4094,42 East Residences,2462,GRAMERCY REAL ESTATE DEVELOPMENT L.L.C,2025-09-01 00:00:00,2028-04-01 00:00:00,,Normal,57000000,,PENDING,0.0,2025-09-16 12:07:26,,G+2P+12 Floors + Roof Residential Building,Palm Deira,,0,0.0,0.0,42.0,
4095,Purvanchal Triana Residences,1496,PURVANCHAL REAL ESTATE DEVELOPERS L.L.C,2025-08-01 00:00:00,2027-03-01 00:00:00,,Normal,32197254,,PENDING,0.0,2025-09-15 20:37:23,,(Ground +2 podiums+ 8Typical floors+ Roof),Al Satwa,,0,0.0,0.0,72.0,
4096,Azizi David,1002,AZIZI DEVELOPMENTS L.L.C,2025-09-16 00:00:00,2027-09-16 00:00:00,,Normal,50000000,,PENDING,0.0,2025-09-17 08:15:25,,"3B+G+M+5P+43+2R (TOWER A, F, G,H & RETAILS)
(RESIDENTIAL & RETAIL)",Al Jadaf,,1,0.0,0.0,0.0,
4102,Binghatti Vintage,1051,Binghatti Developers FZE,2025-10-01 00:00:00,2027-03-31 00:00:00,,Normal,600000000,,PENDING,0.0,2025-09-17 16:55:11,,3B+G+4P+ 36RES.+1MECH.+ROOF,Wadi Al Safa 3,,1,0.0,0.0,0.0,
4104,Binghatti Titania,1051,Binghatti Developers FZE,2025-10-01 00:00:00,2027-02-28 00:00:00,,Normal,400000000,,PENDING,0.0,2025-09-19 12:15:57,,3B + G + 4P + 25 RESIDENTIAL FLOORS + MECH. + ROOF,Wadi Al Safa 3,,1,0.0,0.0,0.0,
4105,Binghatti Hillcrest,1051,Binghatti Developers FZE,2025-10-01 00:00:00,2026-10-01 00:00:00,,Normal,295000000,,PENDING,9.26,2025-09-17 16:58:59,,B + G + 4 RESIDENTIAL FLOORS + ROOF,Al Barshaa South Third,,1,0.0,0.0,0.0,
4112,NEST,2168,ANDI REAL ESTATE DEVELOPMENT L.L.C,2025-09-18 00:00:00,2027-04-01 00:00:00,,Normal,25000000,,PENDING,0.0,2025-09-18 18:07:56,,G+ 1P+6TYP+R Residence Building,Warsan Fourth,,0,0.0,0.0,112.0,
4114,EVERGRIN House 2,1894,OBJ1 REAL ESTATE DEVELOPMENT L.L.C,2025-09-15 00:00:00,2026-12-30 00:00:00,,Normal,35000000,,PENDING,0.0,2025-09-24 11:08:54,,Â G + 2P + 8 Residential + R,Al Satwa,,0,0.0,0.0,193.0,
4116,ELTIERA VIEWS ,2371,ELLINGTON PCFC DEVELOPERS L.L.C,2025-09-19 00:00:00,2029-12-31 00:00:00,,Normal,1067756440,,PENDING,,,,G+3P+(26X4 TOWERS)+ROOF,Al Thanyah Fifth,,1,0.0,0.0,0.0,
4120,Sky Gate Tower,581,TIGER PROPERTIES,2025-09-15 00:00:00,2028-02-29 00:00:00,2025-10-09 12:49:05,Normal,190000000,10487681920050.0,ACTIVE,0.0,2025-09-20 10:47:52,,3B+G+4P+3 Offices Floors + 33 Typical Floor + Roof,Al Barsha South Fifth,Trakhees,0,0.0,0.0,862.0,
4121,Taormina Village 2,2306,M H L REAL ESTATE DEVELOPMENT (Br of MILLENNIUM HOLDING LIMITED ) - DUBAI BRANCH,2025-07-01 00:00:00,2029-07-06 00:00:00,,Normal,139004348,,PENDING,,,,530 (G+2F+R) Villas.The project designed to have a concrete structure and block with internal and external finishes.,Wadi Al Safa 3,,1,0.0,0.0,0.0,
4126,Symbolic Altus,1561,SYMBOLIC REAL ESTATE DEVELOPMENT L.L.C,2025-10-01 00:00:00,2027-05-01 00:00:00,2025-10-07 13:40:37,Normal,40000000,12802437844.0,ACTIVE,0.0,2025-09-24 12:55:20,,Residential building B + G + 9 + Typical floors + Gym + Roof,Wadi Al Safa 2,Dubai Development Authority (DDA),0,0.0,0.0,108.0,
4127,Island Living by Condor,2304,CONDOR ISLAND LIVING REAL ESTATE DEVELOPMENT L.L.C S.O.C,2025-07-16 00:00:00,2027-01-10 00:00:00,,Normal,65000000,,PENDING,,,,G + 2P + 8 Floors + Roof,Palm Deira,,1,0.0,0.0,0.0,
4139,ELLINGTON SANDS I,1117,ELLINGTON PROPERTIES DEVELOPMENT L.L.C,2025-10-06 00:00:00,2028-12-31 00:00:00,,Normal,464366250,,PENDING,,,,2 residential buildings consisting of (B+G+9) and (B+G+7),Palm Deira,,1,0.0,0.0,0.0,
4140,ELLINGTON SANDS II,1117,ELLINGTON PROPERTIES DEVELOPMENT L.L.C,2025-10-10 00:00:00,2028-12-31 00:00:00,,Normal,457933950,,PENDING,,,,2 residential buildings consisting of (B+G+9) and (B+G+6),Palm Deira,,1,0.0,0.0,0.0,
4141,Azizi Lina,1002,AZIZI DEVELOPMENTS L.L.C,2025-10-06 00:00:00,2027-10-06 00:00:00,,Normal,50000000,,PENDING,,,,3B + GROUND + M + 3BA + 16 + R,Jabal Ali Industrial Second,,1,0.0,0.0,0.0,
4152,HERMINA BY CASAGRAND GALLANTEE REAL ESTATE,2397,CASAGRAND GALLANTEE REAL ESTATE L.L.C,2025-10-01 00:00:00,2028-10-01 00:00:00,,Normal,25000000,,PENDING,,,,G+P,Palm Deira,,1,0.0,0.0,0.0,
